-- phpMyAdmin SQL Dump
-- version 4.4.15.7
-- http://www.phpmyadmin.net
--
-- Хост: 127.0.0.1:3306
-- Время создания: Июн 19 2017 г., 02:42
-- Версия сервера: 5.5.50
-- Версия PHP: 5.3.29

SET SQL_MODE = "NO_AUTO_VALUE_ON_ZERO";
SET time_zone = "+00:00";


/*!40101 SET @OLD_CHARACTER_SET_CLIENT=@@CHARACTER_SET_CLIENT */;
/*!40101 SET @OLD_CHARACTER_SET_RESULTS=@@CHARACTER_SET_RESULTS */;
/*!40101 SET @OLD_COLLATION_CONNECTION=@@COLLATION_CONNECTION */;
/*!40101 SET NAMES utf8mb4 */;

--
-- База данных: `asprint_sborka`
--

-- --------------------------------------------------------

--
-- Структура таблицы `admin`
--

CREATE TABLE IF NOT EXISTS `admin` (
  `id_admin` int(10) NOT NULL
) ENGINE=InnoDB DEFAULT CHARSET=utf8;

-- --------------------------------------------------------

--
-- Структура таблицы `array_creasing`
--

CREATE TABLE IF NOT EXISTS `array_creasing` (
  `id_array_creasing` int(10) NOT NULL,
  `id_creasing_array_creasing` int(10) NOT NULL,
  `id_item_type_array_creasing` int(10) NOT NULL,
  `price_array_creasing` int(128) NOT NULL
) ENGINE=InnoDB DEFAULT CHARSET=utf8;

--
-- Дамп данных таблицы `array_creasing`
--

INSERT INTO `array_creasing` (`id_array_creasing`, `id_creasing_array_creasing`, `id_item_type_array_creasing`, `price_array_creasing`) VALUES
(1, 1, 1, 0),
(2, 2, 1, 0),
(3, 3, 1, 0),
(4, 4, 1, 0),
(5, 1, 2, 0),
(6, 2, 2, 0),
(7, 3, 2, 0),
(8, 4, 2, 0),
(9, 1, 3, 0),
(10, 2, 3, 0),
(11, 3, 3, 0),
(12, 4, 3, 0),
(13, 1, 4, 0),
(14, 2, 4, 0),
(15, 3, 4, 0),
(16, 4, 4, 0),
(17, 1, 5, 0),
(18, 2, 5, 0),
(19, 3, 5, 0),
(20, 4, 5, 0),
(21, 1, 6, 0),
(22, 2, 6, 0),
(23, 3, 6, 0),
(24, 4, 6, 0),
(25, 1, 17, 0),
(26, 2, 17, 0),
(27, 3, 17, 0),
(28, 4, 17, 0),
(29, 1, 18, 0),
(30, 2, 18, 0),
(31, 3, 18, 0),
(32, 4, 18, 0),
(33, 1, 24, 0),
(34, 2, 24, 0),
(35, 3, 24, 0),
(36, 4, 24, 0),
(37, 1, 25, 0),
(38, 2, 25, 0),
(39, 3, 25, 0),
(40, 4, 25, 0),
(41, 1, 27, 0),
(42, 2, 27, 0),
(43, 3, 27, 0),
(44, 4, 27, 0),
(45, 1, 28, 0),
(46, 2, 28, 0),
(47, 3, 28, 0),
(48, 4, 28, 0),
(49, 1, 30, 0),
(50, 2, 30, 0),
(51, 3, 30, 0),
(52, 4, 30, 0),
(53, 1, 31, 0),
(54, 2, 31, 0),
(55, 3, 31, 0),
(56, 4, 31, 0),
(57, 1, 34, 0),
(58, 2, 34, 0),
(59, 3, 34, 0),
(60, 4, 34, 0),
(61, 1, 35, 0),
(62, 2, 35, 0),
(63, 3, 35, 0),
(64, 4, 35, 0),
(65, 1, 40, 0),
(66, 2, 40, 0),
(67, 3, 40, 0),
(68, 4, 40, 0),
(69, 1, 60, 0),
(70, 2, 60, 0),
(71, 3, 60, 0),
(72, 1, 61, 0),
(73, 2, 61, 0),
(74, 3, 61, 0),
(75, 1, 62, 0),
(76, 2, 62, 0),
(77, 3, 62, 0),
(78, 1, 63, 0),
(79, 2, 63, 0),
(80, 3, 63, 0);

-- --------------------------------------------------------

--
-- Структура таблицы `array_dop_rez`
--

CREATE TABLE IF NOT EXISTS `array_dop_rez` (
  `id_array_dop_rez` int(10) NOT NULL,
  `id_dop_rez_array_dop_rez` int(10) NOT NULL,
  `id_item_type_array_dop_rez` int(10) NOT NULL,
  `price_array_dop_rez` int(128) NOT NULL
) ENGINE=InnoDB DEFAULT CHARSET=utf8;

--
-- Дамп данных таблицы `array_dop_rez`
--

INSERT INTO `array_dop_rez` (`id_array_dop_rez`, `id_dop_rez_array_dop_rez`, `id_item_type_array_dop_rez`, `price_array_dop_rez`) VALUES
(1, 1, 1, 0),
(2, 2, 1, 0),
(3, 3, 1, 0),
(4, 4, 1, 0),
(5, 5, 1, 0),
(6, 6, 1, 0),
(7, 7, 1, 0),
(8, 8, 1, 0),
(9, 9, 1, 0),
(10, 10, 1, 0),
(11, 11, 1, 0),
(12, 12, 1, 0),
(13, 13, 1, 0),
(14, 14, 1, 0),
(15, 15, 1, 0),
(16, 16, 1, 0),
(17, 17, 1, 0),
(18, 18, 1, 0),
(19, 19, 1, 0),
(20, 20, 1, 0),
(21, 21, 1, 0),
(22, 1, 2, 0),
(23, 2, 2, 0),
(24, 3, 2, 0),
(25, 4, 2, 0),
(26, 5, 2, 0),
(27, 6, 2, 0),
(28, 7, 2, 0),
(29, 8, 2, 0),
(30, 9, 2, 0),
(31, 10, 2, 0),
(32, 11, 2, 0),
(33, 12, 2, 0),
(34, 13, 2, 0),
(35, 14, 2, 0),
(36, 15, 2, 0),
(37, 16, 2, 0),
(38, 17, 2, 0),
(39, 18, 2, 0),
(40, 19, 2, 0),
(41, 20, 2, 0),
(42, 21, 2, 0),
(43, 1, 3, 0),
(44, 2, 3, 0),
(45, 3, 3, 0),
(46, 4, 3, 0),
(47, 5, 3, 0),
(48, 6, 3, 0),
(49, 7, 3, 0),
(50, 8, 3, 0),
(51, 9, 3, 0),
(52, 10, 3, 0),
(53, 11, 3, 0),
(54, 12, 3, 0),
(55, 13, 3, 0),
(56, 14, 3, 0),
(57, 15, 3, 0),
(58, 16, 3, 0),
(59, 17, 3, 0),
(60, 18, 3, 0),
(61, 19, 3, 0),
(62, 20, 3, 0),
(63, 21, 3, 0),
(64, 1, 4, 0),
(65, 2, 4, 0),
(66, 3, 4, 0),
(67, 4, 4, 0),
(68, 5, 4, 0),
(69, 6, 4, 0),
(70, 7, 4, 0),
(71, 8, 4, 0),
(72, 9, 4, 0),
(73, 10, 4, 0),
(74, 11, 4, 0),
(75, 12, 4, 0),
(76, 13, 4, 0),
(77, 14, 4, 0),
(78, 15, 4, 0),
(79, 16, 4, 0),
(80, 17, 4, 0),
(81, 18, 4, 0),
(82, 19, 4, 0),
(83, 20, 4, 0),
(84, 21, 4, 0),
(85, 1, 5, 0),
(86, 2, 5, 0),
(87, 3, 5, 0),
(88, 4, 5, 0),
(89, 5, 5, 0),
(90, 6, 5, 0),
(91, 7, 5, 0),
(92, 8, 5, 0),
(93, 9, 5, 0),
(94, 10, 5, 0),
(95, 11, 5, 0),
(96, 12, 5, 0),
(97, 13, 5, 0),
(98, 14, 5, 0),
(99, 15, 5, 0),
(100, 16, 5, 0),
(101, 17, 5, 0),
(102, 18, 5, 0),
(103, 19, 5, 0),
(104, 20, 5, 0),
(105, 21, 5, 0),
(106, 1, 6, 0),
(107, 2, 6, 0),
(108, 3, 6, 0),
(109, 4, 6, 0),
(110, 5, 6, 0),
(111, 6, 6, 0),
(112, 7, 6, 0),
(113, 8, 6, 0),
(114, 9, 6, 0),
(115, 10, 6, 0),
(116, 11, 6, 0),
(117, 12, 6, 0),
(118, 13, 6, 0),
(119, 14, 6, 0),
(120, 15, 6, 0),
(121, 16, 6, 0),
(122, 17, 6, 0),
(123, 18, 6, 0),
(124, 19, 6, 0),
(125, 20, 6, 0),
(126, 21, 6, 0),
(127, 1, 16, 0),
(128, 2, 16, 0),
(129, 3, 16, 0),
(130, 4, 16, 0),
(131, 5, 16, 0),
(132, 6, 16, 0),
(133, 7, 16, 0),
(134, 8, 16, 0),
(135, 9, 16, 0),
(136, 10, 16, 0),
(137, 11, 16, 0),
(138, 12, 16, 0),
(139, 13, 16, 0),
(140, 14, 16, 0),
(141, 15, 16, 0),
(142, 16, 16, 0),
(143, 17, 16, 0),
(144, 18, 16, 0),
(145, 19, 16, 0),
(146, 20, 16, 0),
(147, 21, 16, 0),
(148, 1, 17, 0),
(149, 2, 17, 0),
(150, 3, 17, 0),
(151, 4, 17, 0),
(152, 5, 17, 0),
(153, 6, 17, 0),
(154, 7, 17, 0),
(155, 8, 17, 0),
(156, 9, 17, 0),
(157, 10, 17, 0),
(158, 11, 17, 0),
(159, 12, 17, 0),
(160, 13, 17, 0),
(161, 14, 17, 0),
(162, 15, 17, 0),
(163, 16, 17, 0),
(164, 17, 17, 0),
(165, 18, 17, 0),
(166, 19, 17, 0),
(167, 20, 17, 0),
(168, 21, 17, 0),
(169, 1, 18, 0),
(170, 2, 18, 0),
(171, 3, 18, 0),
(172, 4, 18, 0),
(173, 5, 18, 0),
(174, 6, 18, 0),
(175, 7, 18, 0),
(176, 8, 18, 0),
(177, 9, 18, 0),
(178, 10, 18, 0),
(179, 11, 18, 0),
(180, 12, 18, 0),
(181, 13, 18, 0),
(182, 14, 18, 0),
(183, 15, 18, 0),
(184, 16, 18, 0),
(185, 17, 18, 0),
(186, 18, 18, 0),
(187, 19, 18, 0),
(188, 20, 18, 0),
(189, 21, 18, 0),
(190, 1, 23, 0),
(191, 2, 23, 0),
(192, 3, 23, 0),
(193, 4, 23, 0),
(194, 5, 23, 0),
(195, 6, 23, 0),
(196, 7, 23, 0),
(197, 8, 23, 0),
(198, 9, 23, 0),
(199, 10, 23, 0),
(200, 11, 23, 0),
(201, 12, 23, 0),
(202, 13, 23, 0),
(203, 14, 23, 0),
(204, 15, 23, 0),
(205, 16, 23, 0),
(206, 17, 23, 0),
(207, 18, 23, 0),
(208, 19, 23, 0),
(209, 20, 23, 0),
(210, 21, 23, 0),
(211, 1, 24, 0),
(212, 2, 24, 0),
(213, 3, 24, 0),
(214, 4, 24, 0),
(215, 5, 24, 0),
(216, 6, 24, 0),
(217, 7, 24, 0),
(218, 8, 24, 0),
(219, 9, 24, 0),
(220, 10, 24, 0),
(221, 11, 24, 0),
(222, 12, 24, 0),
(223, 13, 24, 0),
(224, 14, 24, 0),
(225, 15, 24, 0),
(226, 16, 24, 0),
(227, 17, 24, 0),
(228, 18, 24, 0),
(229, 19, 24, 0),
(230, 20, 24, 0),
(231, 21, 24, 0),
(232, 1, 25, 0),
(233, 2, 25, 0),
(234, 3, 25, 0),
(235, 4, 25, 0),
(236, 5, 25, 0),
(237, 6, 25, 0),
(238, 7, 25, 0),
(239, 8, 25, 0),
(240, 9, 25, 0),
(241, 10, 25, 0),
(242, 11, 25, 0),
(243, 12, 25, 0),
(244, 13, 25, 0),
(245, 14, 25, 0),
(246, 15, 25, 0),
(247, 16, 25, 0),
(248, 17, 25, 0),
(249, 18, 25, 0),
(250, 19, 25, 0),
(251, 20, 25, 0),
(252, 21, 25, 0),
(253, 1, 26, 0),
(254, 2, 26, 0),
(255, 3, 26, 0),
(256, 4, 26, 0),
(257, 5, 26, 0),
(258, 6, 26, 0),
(259, 7, 26, 0),
(260, 8, 26, 0),
(261, 9, 26, 0),
(262, 10, 26, 0),
(263, 11, 26, 0),
(264, 12, 26, 0),
(265, 13, 26, 0),
(266, 14, 26, 0),
(267, 15, 26, 0),
(268, 16, 26, 0),
(269, 17, 26, 0),
(270, 18, 26, 0),
(271, 19, 26, 0),
(272, 20, 26, 0),
(273, 21, 26, 0),
(274, 1, 27, 0),
(275, 2, 27, 0),
(276, 3, 27, 0),
(277, 4, 27, 0),
(278, 5, 27, 0),
(279, 6, 27, 0),
(280, 7, 27, 0),
(281, 8, 27, 0),
(282, 9, 27, 0),
(283, 10, 27, 0),
(284, 11, 27, 0),
(285, 12, 27, 0),
(286, 13, 27, 0),
(287, 14, 27, 0),
(288, 15, 27, 0),
(289, 16, 27, 0),
(290, 17, 27, 0),
(291, 18, 27, 0),
(292, 19, 27, 0),
(293, 20, 27, 0),
(294, 21, 27, 0),
(295, 1, 28, 0),
(296, 2, 28, 0),
(297, 3, 28, 0),
(298, 4, 28, 0),
(299, 5, 28, 0),
(300, 6, 28, 0),
(301, 7, 28, 0),
(302, 8, 28, 0),
(303, 9, 28, 0),
(304, 10, 28, 0),
(305, 11, 28, 0),
(306, 12, 28, 0),
(307, 13, 28, 0),
(308, 14, 28, 0),
(309, 15, 28, 0),
(310, 16, 28, 0),
(311, 17, 28, 0),
(312, 18, 28, 0),
(313, 19, 28, 0),
(314, 20, 28, 0),
(315, 21, 28, 0),
(316, 1, 29, 0),
(317, 2, 29, 0),
(318, 3, 29, 0),
(319, 4, 29, 0),
(320, 5, 29, 0),
(321, 6, 29, 0),
(322, 7, 29, 0),
(323, 8, 29, 0),
(324, 9, 29, 0),
(325, 10, 29, 0),
(326, 11, 29, 0),
(327, 12, 29, 0),
(328, 13, 29, 0),
(329, 14, 29, 0),
(330, 15, 29, 0),
(331, 16, 29, 0),
(332, 17, 29, 0),
(333, 18, 29, 0),
(334, 19, 29, 0),
(335, 20, 29, 0),
(336, 21, 29, 0),
(337, 1, 30, 0),
(338, 2, 30, 0),
(339, 3, 30, 0),
(340, 4, 30, 0),
(341, 5, 30, 0),
(342, 6, 30, 0),
(343, 7, 30, 0),
(344, 8, 30, 0),
(345, 9, 30, 0),
(346, 10, 30, 0),
(347, 11, 30, 0),
(348, 12, 30, 0),
(349, 13, 30, 0),
(350, 14, 30, 0),
(351, 15, 30, 0),
(352, 16, 30, 0),
(353, 17, 30, 0),
(354, 18, 30, 0),
(355, 19, 30, 0),
(356, 20, 30, 0),
(357, 21, 30, 0),
(358, 1, 31, 0),
(359, 2, 31, 0),
(360, 3, 31, 0),
(361, 4, 31, 0),
(362, 5, 31, 0),
(363, 6, 31, 0),
(364, 7, 31, 0),
(365, 8, 31, 0),
(366, 9, 31, 0),
(367, 10, 31, 0),
(368, 11, 31, 0),
(369, 12, 31, 0),
(370, 13, 31, 0),
(371, 14, 31, 0),
(372, 15, 31, 0),
(373, 16, 31, 0),
(374, 17, 31, 0),
(375, 18, 31, 0),
(376, 19, 31, 0),
(377, 20, 31, 0),
(378, 21, 31, 0),
(379, 1, 32, 0),
(380, 2, 32, 0),
(381, 3, 32, 0),
(382, 4, 32, 0),
(383, 5, 32, 0),
(384, 6, 32, 0),
(385, 7, 32, 0),
(386, 8, 32, 0),
(387, 9, 32, 0),
(388, 10, 32, 0),
(389, 11, 32, 0),
(390, 12, 32, 0),
(391, 13, 32, 0),
(392, 14, 32, 0),
(393, 15, 32, 0),
(394, 16, 32, 0),
(395, 17, 32, 0),
(396, 18, 32, 0),
(397, 19, 32, 0),
(398, 20, 32, 0),
(399, 21, 32, 0),
(400, 1, 33, 0),
(401, 2, 33, 0),
(402, 3, 33, 0),
(403, 4, 33, 0),
(404, 5, 33, 0),
(405, 6, 33, 0),
(406, 7, 33, 0),
(407, 8, 33, 0),
(408, 9, 33, 0),
(409, 10, 33, 0),
(410, 11, 33, 0),
(411, 12, 33, 0),
(412, 13, 33, 0),
(413, 14, 33, 0),
(414, 15, 33, 0),
(415, 16, 33, 0),
(416, 17, 33, 0),
(417, 18, 33, 0),
(418, 19, 33, 0),
(419, 20, 33, 0),
(420, 21, 33, 0),
(421, 1, 34, 0),
(422, 2, 34, 0),
(423, 3, 34, 0),
(424, 4, 34, 0),
(425, 5, 34, 0),
(426, 6, 34, 0),
(427, 7, 34, 0),
(428, 8, 34, 0),
(429, 9, 34, 0),
(430, 10, 34, 0),
(431, 11, 34, 0),
(432, 12, 34, 0),
(433, 13, 34, 0),
(434, 14, 34, 0),
(435, 15, 34, 0),
(436, 16, 34, 0),
(437, 17, 34, 0),
(438, 18, 34, 0),
(439, 19, 34, 0),
(440, 20, 34, 0),
(441, 21, 34, 0),
(442, 1, 35, 0),
(443, 2, 35, 0),
(444, 3, 35, 0),
(445, 4, 35, 0),
(446, 5, 35, 0),
(447, 6, 35, 0),
(448, 7, 35, 0),
(449, 8, 35, 0),
(450, 9, 35, 0),
(451, 10, 35, 0),
(452, 11, 35, 0),
(453, 12, 35, 0),
(454, 13, 35, 0),
(455, 14, 35, 0),
(456, 15, 35, 0),
(457, 16, 35, 0),
(458, 17, 35, 0),
(459, 18, 35, 0),
(460, 19, 35, 0),
(461, 20, 35, 0),
(462, 21, 35, 0),
(463, 1, 36, 0),
(464, 2, 36, 0),
(465, 3, 36, 0),
(466, 4, 36, 0),
(467, 5, 36, 0),
(468, 6, 36, 0),
(469, 7, 36, 0),
(470, 8, 36, 0),
(471, 9, 36, 0),
(472, 10, 36, 0),
(473, 11, 36, 0),
(474, 12, 36, 0),
(475, 13, 36, 0),
(476, 14, 36, 0),
(477, 15, 36, 0),
(478, 16, 36, 0),
(479, 17, 36, 0),
(480, 18, 36, 0),
(481, 19, 36, 0),
(482, 20, 36, 0),
(483, 21, 36, 0),
(484, 1, 37, 0),
(485, 2, 37, 0),
(486, 3, 37, 0),
(487, 4, 37, 0),
(488, 5, 37, 0),
(489, 6, 37, 0),
(490, 7, 37, 0),
(491, 8, 37, 0),
(492, 9, 37, 0),
(493, 10, 37, 0),
(494, 11, 37, 0),
(495, 12, 37, 0),
(496, 13, 37, 0),
(497, 14, 37, 0),
(498, 15, 37, 0),
(499, 16, 37, 0),
(500, 17, 37, 0),
(501, 18, 37, 0),
(502, 19, 37, 0),
(503, 20, 37, 0),
(504, 21, 37, 0),
(505, 1, 38, 0),
(506, 2, 38, 0),
(507, 3, 38, 0),
(508, 4, 38, 0),
(509, 5, 38, 0),
(510, 6, 38, 0),
(511, 7, 38, 0),
(512, 8, 38, 0),
(513, 9, 38, 0),
(514, 10, 38, 0),
(515, 11, 38, 0),
(516, 12, 38, 0),
(517, 13, 38, 0),
(518, 14, 38, 0),
(519, 15, 38, 0),
(520, 16, 38, 0),
(521, 17, 38, 0),
(522, 18, 38, 0),
(523, 19, 38, 0),
(524, 20, 38, 0),
(525, 21, 38, 0),
(526, 1, 39, 0),
(527, 2, 39, 0),
(528, 3, 39, 0),
(529, 4, 39, 0),
(530, 5, 39, 0),
(531, 6, 39, 0),
(532, 7, 39, 0),
(533, 8, 39, 0),
(534, 9, 39, 0),
(535, 10, 39, 0),
(536, 11, 39, 0),
(537, 12, 39, 0),
(538, 13, 39, 0),
(539, 14, 39, 0),
(540, 15, 39, 0),
(541, 16, 39, 0),
(542, 17, 39, 0),
(543, 18, 39, 0),
(544, 19, 39, 0),
(545, 20, 39, 0),
(546, 21, 39, 0),
(547, 1, 40, 0),
(548, 2, 40, 0),
(549, 3, 40, 0),
(550, 4, 40, 0),
(551, 5, 40, 0),
(552, 6, 40, 0),
(553, 7, 40, 0),
(554, 8, 40, 0),
(555, 9, 40, 0),
(556, 10, 40, 0),
(557, 11, 40, 0),
(558, 12, 40, 0),
(559, 13, 40, 0),
(560, 14, 40, 0),
(561, 15, 40, 0),
(562, 16, 40, 0),
(563, 17, 40, 0),
(564, 18, 40, 0),
(565, 19, 40, 0),
(566, 20, 40, 0),
(567, 21, 40, 0);

-- --------------------------------------------------------

--
-- Структура таблицы `array_folding`
--

CREATE TABLE IF NOT EXISTS `array_folding` (
  `id_array_folding` int(10) NOT NULL,
  `id_folding_array_folding` int(10) NOT NULL,
  `id_item_type_array_folding` int(10) NOT NULL,
  `price_array_folding` int(128) NOT NULL
) ENGINE=InnoDB DEFAULT CHARSET=utf8;

--
-- Дамп данных таблицы `array_folding`
--

INSERT INTO `array_folding` (`id_array_folding`, `id_folding_array_folding`, `id_item_type_array_folding`, `price_array_folding`) VALUES
(1, 1, 16, 0),
(2, 2, 16, 0),
(3, 3, 16, 0),
(4, 4, 16, 0),
(5, 1, 23, 0),
(6, 2, 23, 0),
(7, 3, 23, 0),
(8, 4, 23, 0),
(9, 1, 26, 0),
(10, 2, 26, 0),
(11, 3, 26, 0),
(12, 4, 26, 0),
(13, 1, 29, 0),
(15, 3, 29, 0),
(16, 4, 29, 0),
(17, 1, 32, 0),
(18, 2, 32, 0),
(19, 3, 32, 0),
(20, 4, 32, 0),
(21, 1, 33, 0),
(22, 2, 33, 0),
(23, 3, 33, 0),
(24, 4, 33, 0),
(25, 1, 36, 0),
(26, 2, 36, 0),
(27, 3, 36, 0),
(28, 4, 36, 0),
(29, 1, 37, 0),
(30, 2, 37, 0),
(31, 3, 37, 0),
(32, 4, 37, 0),
(33, 1, 38, 0),
(34, 2, 38, 0),
(35, 3, 38, 0),
(36, 4, 38, 0),
(37, 1, 39, 0),
(38, 2, 39, 0),
(39, 3, 39, 0),
(40, 4, 39, 0);

-- --------------------------------------------------------

--
-- Структура таблицы `array_hole`
--

CREATE TABLE IF NOT EXISTS `array_hole` (
  `id_array_hole` int(10) NOT NULL,
  `id_hole_array_hole` int(10) NOT NULL,
  `id_item_type_array_hole` int(10) NOT NULL,
  `price_array_hole` int(11) NOT NULL
) ENGINE=InnoDB DEFAULT CHARSET=utf8;

--
-- Дамп данных таблицы `array_hole`
--

INSERT INTO `array_hole` (`id_array_hole`, `id_hole_array_hole`, `id_item_type_array_hole`, `price_array_hole`) VALUES
(1, 1, 1, 0),
(2, 2, 1, 0),
(3, 3, 1, 0),
(4, 1, 2, 0),
(5, 2, 2, 0),
(6, 3, 2, 0),
(7, 1, 3, 0),
(8, 2, 3, 0),
(9, 3, 3, 0),
(10, 1, 4, 0),
(11, 2, 4, 0),
(12, 3, 4, 0),
(13, 1, 5, 0),
(14, 2, 5, 0),
(15, 3, 5, 0),
(16, 1, 6, 0),
(17, 2, 6, 0),
(18, 3, 6, 0),
(19, 1, 16, 0),
(20, 2, 16, 0),
(21, 3, 16, 0),
(22, 1, 17, 0),
(23, 2, 17, 0),
(24, 3, 17, 0),
(25, 1, 18, 0),
(26, 2, 18, 0),
(27, 3, 18, 0),
(28, 1, 23, 0),
(29, 2, 23, 0),
(30, 3, 23, 0),
(31, 1, 24, 0),
(32, 2, 24, 0),
(33, 3, 24, 0),
(34, 1, 25, 0),
(35, 2, 25, 0),
(36, 3, 25, 0),
(37, 1, 26, 0),
(38, 2, 26, 0),
(39, 3, 26, 0),
(40, 1, 27, 0),
(41, 2, 27, 0),
(42, 3, 27, 0),
(43, 1, 28, 0),
(44, 2, 28, 0),
(45, 3, 28, 0),
(46, 1, 29, 0),
(47, 2, 29, 0),
(48, 3, 29, 0),
(49, 1, 30, 0),
(50, 2, 30, 0),
(51, 3, 30, 0),
(52, 1, 31, 0),
(53, 2, 31, 0),
(54, 3, 31, 0),
(55, 1, 32, 0),
(56, 2, 32, 0),
(57, 3, 32, 0),
(58, 1, 33, 0),
(59, 2, 33, 0),
(60, 3, 33, 0),
(61, 1, 34, 0),
(62, 2, 34, 0),
(63, 3, 34, 0),
(64, 1, 35, 0),
(65, 2, 35, 0),
(66, 3, 35, 0),
(67, 1, 36, 0),
(68, 2, 36, 0),
(69, 3, 36, 0),
(70, 1, 37, 0),
(71, 2, 37, 0),
(72, 3, 37, 0),
(73, 1, 38, 0),
(74, 2, 38, 0),
(75, 3, 38, 0),
(76, 1, 39, 0),
(77, 2, 39, 0),
(78, 3, 39, 0),
(79, 1, 40, 0),
(80, 2, 40, 0),
(81, 3, 40, 0);

-- --------------------------------------------------------

--
-- Структура таблицы `array_numbering`
--

CREATE TABLE IF NOT EXISTS `array_numbering` (
  `id_array_numbering` int(10) NOT NULL,
  `id_numbering_array_numbering` int(10) NOT NULL,
  `id_item_type_array_numbering` int(10) NOT NULL,
  `price_array_numbering` int(11) NOT NULL
) ENGINE=InnoDB DEFAULT CHARSET=utf8;

--
-- Дамп данных таблицы `array_numbering`
--

INSERT INTO `array_numbering` (`id_array_numbering`, `id_numbering_array_numbering`, `id_item_type_array_numbering`, `price_array_numbering`) VALUES
(1, 1, 16, 0),
(2, 2, 16, 0),
(3, 3, 16, 0),
(4, 1, 19, 0),
(5, 2, 19, 0),
(6, 3, 19, 0),
(7, 1, 22, 0),
(8, 2, 22, 0),
(9, 3, 22, 0),
(10, 1, 23, 0),
(11, 2, 23, 0),
(12, 3, 23, 0),
(13, 1, 26, 0),
(14, 2, 26, 0),
(15, 3, 26, 0),
(16, 1, 29, 0),
(17, 2, 29, 0),
(18, 3, 29, 0),
(19, 1, 32, 0),
(20, 2, 32, 0),
(21, 3, 32, 0),
(22, 1, 33, 0),
(23, 2, 33, 0),
(24, 3, 33, 0),
(25, 1, 36, 0),
(26, 2, 36, 0),
(27, 3, 36, 0),
(28, 1, 37, 0),
(29, 2, 37, 0),
(30, 3, 37, 0),
(31, 1, 38, 0),
(32, 2, 38, 0),
(33, 3, 38, 0),
(34, 1, 40, 0),
(35, 2, 40, 0),
(36, 3, 40, 0);

-- --------------------------------------------------------

--
-- Структура таблицы `array_perforation`
--

CREATE TABLE IF NOT EXISTS `array_perforation` (
  `id_array_perforation` int(10) NOT NULL,
  `id_perforation_array_perforation` int(10) NOT NULL,
  `id_item_type_array_perforation` int(10) NOT NULL,
  `price_array_perforation` int(11) NOT NULL
) ENGINE=InnoDB DEFAULT CHARSET=utf8;

--
-- Дамп данных таблицы `array_perforation`
--

INSERT INTO `array_perforation` (`id_array_perforation`, `id_perforation_array_perforation`, `id_item_type_array_perforation`, `price_array_perforation`) VALUES
(1, 1, 16, 0),
(2, 2, 16, 0),
(3, 3, 16, 0),
(4, 4, 16, 0),
(5, 5, 16, 0),
(6, 6, 16, 0),
(7, 1, 19, 0),
(8, 2, 19, 0),
(9, 3, 19, 0),
(10, 4, 19, 0),
(11, 5, 19, 0),
(12, 6, 19, 0),
(13, 1, 22, 0),
(14, 2, 22, 0),
(15, 3, 22, 0),
(16, 4, 22, 0),
(17, 5, 22, 0),
(18, 6, 22, 0),
(19, 1, 23, 0),
(20, 2, 23, 0),
(21, 3, 23, 0),
(22, 4, 23, 0),
(23, 5, 23, 0),
(24, 6, 23, 0),
(25, 1, 26, 0),
(26, 2, 26, 0),
(27, 3, 26, 0),
(28, 4, 26, 0),
(29, 5, 26, 0),
(30, 6, 26, 0),
(31, 1, 29, 0),
(32, 2, 29, 0),
(33, 3, 29, 0),
(34, 4, 29, 0),
(35, 5, 29, 0),
(36, 6, 29, 0),
(37, 1, 32, 0),
(38, 2, 32, 0),
(39, 3, 32, 0),
(40, 4, 32, 0),
(41, 5, 32, 0),
(42, 6, 32, 0),
(43, 1, 33, 0),
(44, 2, 33, 0),
(45, 3, 33, 0),
(46, 4, 33, 0),
(47, 5, 33, 0),
(48, 6, 33, 0),
(49, 1, 36, 0),
(50, 2, 36, 0),
(51, 3, 36, 0),
(52, 4, 36, 0),
(53, 5, 36, 0),
(54, 6, 36, 0),
(55, 1, 37, 0),
(56, 2, 37, 0),
(57, 3, 37, 0),
(58, 4, 37, 0),
(59, 5, 37, 0),
(60, 6, 37, 0),
(61, 1, 38, 0),
(62, 2, 38, 0),
(63, 3, 38, 0),
(64, 4, 38, 0),
(65, 5, 38, 0),
(66, 6, 38, 0),
(67, 1, 40, 0),
(68, 2, 40, 0),
(69, 3, 40, 0),
(70, 4, 40, 0),
(71, 5, 40, 0),
(72, 6, 40, 0);

-- --------------------------------------------------------

--
-- Структура таблицы `chat`
--

CREATE TABLE IF NOT EXISTS `chat` (
  `id_chat` int(11) NOT NULL,
  `id_member_1` int(11) NOT NULL,
  `id_member_2` int(11) NOT NULL,
  `date` timestamp NOT NULL DEFAULT CURRENT_TIMESTAMP ON UPDATE CURRENT_TIMESTAMP
) ENGINE=InnoDB AUTO_INCREMENT=95 DEFAULT CHARSET=utf8;

--
-- Дамп данных таблицы `chat`
--

INSERT INTO `chat` (`id_chat`, `id_member_1`, `id_member_2`, `date`) VALUES
(90, 26, 25, '2017-06-18 22:41:36'),
(91, 26, 25, '2017-06-18 22:41:45'),
(92, 26, 25, '2017-06-18 23:08:49'),
(93, 26, 25, '2017-06-18 23:09:47'),
(94, 26, 25, '2017-06-18 23:11:49');

-- --------------------------------------------------------

--
-- Структура таблицы `circulation`
--

CREATE TABLE IF NOT EXISTS `circulation` (
  `id_circulation` int(10) NOT NULL,
  `name_circulation` varchar(64) NOT NULL,
  `size_circulation` int(64) NOT NULL
) ENGINE=InnoDB AUTO_INCREMENT=46 DEFAULT CHARSET=utf8;

--
-- Дамп данных таблицы `circulation`
--

INSERT INTO `circulation` (`id_circulation`, `name_circulation`, `size_circulation`) VALUES
(1, '1000', 1000),
(2, '2000', 2000),
(3, '3000', 3000),
(4, '4000', 4000),
(5, '5000', 5000),
(6, '10000', 10000),
(7, '100', 100),
(8, '200', 200),
(9, '300', 300),
(10, '500', 500),
(11, '1000', 1000),
(12, '2500', 2500),
(13, '5000', 5000),
(14, '10000', 10000),
(15, '20000', 20000),
(16, '50000', 50000),
(17, '2000', 2000),
(18, '5000', 5000),
(19, '10000', 10000),
(20, '20000', 20000),
(21, '40000', 40000),
(22, '100000', 100000),
(23, '200', 200),
(24, '500', 500),
(25, '1000', 1000),
(26, '2000', 2000),
(27, '3000', 3000),
(28, '10000', 10000),
(29, '500', 500),
(30, '1000', 1000),
(31, '2000', 2000),
(32, '3000', 3000),
(33, '5000', 5000),
(34, '10000', 10000),
(35, '100', 100),
(36, '250', 250),
(37, '500', 500),
(38, '1000', 1000),
(39, '1500', 1500),
(40, '5000', 5000),
(41, '3000', 3000),
(42, '6000', 6000),
(43, '9000', 9000),
(44, '12000', 12000),
(45, '15000', 15000);

-- --------------------------------------------------------

--
-- Структура таблицы `city_f_p`
--

CREATE TABLE IF NOT EXISTS `city_f_p` (
  `id_city_f_p` int(10) NOT NULL,
  `name_city_f_p` varchar(128) NOT NULL
) ENGINE=InnoDB DEFAULT CHARSET=utf8;

--
-- Дамп данных таблицы `city_f_p`
--

INSERT INTO `city_f_p` (`id_city_f_p`, `name_city_f_p`) VALUES
(1, 'Алушта'),
(2, 'Армянск'),
(3, 'Бахчисарай'),
(4, 'Белогорск'),
(5, 'Вилино'),
(6, 'Джанкой'),
(7, 'Евпатория'),
(8, 'Керчь'),
(9, 'Краснодар'),
(10, 'Красноперекопск'),
(11, 'Москва'),
(12, 'Москва дер. Машково, Промзона'),
(13, 'Нижний Новгород'),
(14, 'Раздольное'),
(15, 'Ростов на Дону'),
(16, 'Саки'),
(17, 'Санкт Петербург'),
(18, 'Севастополь'),
(19, 'Симферополь'),
(20, 'Судак'),
(21, 'Феодосия'),
(22, 'Черноморское (Крым)'),
(23, 'Щелкино');

-- --------------------------------------------------------

--
-- Структура таблицы `city_r_b`
--

CREATE TABLE IF NOT EXISTS `city_r_b` (
  `id_city_r_b` int(10) NOT NULL,
  `name_city_r_b` varchar(128) NOT NULL
) ENGINE=InnoDB DEFAULT CHARSET=utf8;

--
-- Дамп данных таблицы `city_r_b`
--

INSERT INTO `city_r_b` (`id_city_r_b`, `name_city_r_b`) VALUES
(1, 'Абинск'),
(2, 'Адлер'),
(3, 'Алупка'),
(4, 'Алушта'),
(5, 'Анапа'),
(6, 'Анастасиевское'),
(7, 'Апшеронск'),
(8, 'Армавир'),
(9, 'Армянск'),
(10, 'Бахчисарай'),
(11, 'Белая Глина'),
(12, 'Белогорск'),
(13, 'Белореченск'),
(14, 'Богатое'),
(15, 'Брюховецкая'),
(16, 'Выселки'),
(17, 'Геленджик'),
(18, 'Головинка'),
(19, 'Горячий Ключ'),
(20, 'Гулькевичи'),
(21, 'Гурзуф'),
(22, 'Джанкой'),
(23, 'Евпатория'),
(24, 'Ейск'),
(25, 'Золотое поле'),
(26, 'Зуя'),
(27, 'Каневская'),
(28, 'Кача'),
(29, 'Керчь'),
(30, 'Кировское'),
(31, 'Коктебель'),
(32, 'Кореиз'),
(33, 'Кореновск'),
(34, 'Красноармейская'),
(35, 'Красногвардейское'),
(36, 'Краснодар'),
(37, 'Красноперекопск'),
(38, 'Кропоткин'),
(39, 'Крыловская'),
(40, 'Крымск'),
(41, 'Кубань'),
(42, 'Куйбышево'),
(43, 'Курганинск'),
(44, 'Кущёвская'),
(45, 'Лабинск'),
(46, 'Ленинградская'),
(47, 'Ленино'),
(48, 'Медведево'),
(49, 'Межводное'),
(50, 'Мирный'),
(51, 'Морское'),
(52, 'Мостовской'),
(53, 'Нижнегорский'),
(54, 'Николаевка'),
(55, 'Новомихайловский'),
(56, 'Новоозерное'),
(57, 'Новопокровская'),
(58, 'Новороссийск'),
(59, 'Новоселовское'),
(60, 'Окуневка'),
(61, 'Оленевка'),
(62, 'Отрадное'),
(63, 'Павловская'),
(64, 'Партенит'),
(65, 'Первомайское'),
(66, 'Песчаное'),
(67, 'Приморско-Ахтарск'),
(68, 'Пруды'),
(69, 'Раздольное'),
(70, 'Рыбачье'),
(71, 'Садовое'),
(72, 'Саки'),
(73, 'Севастополь'),
(74, 'Симеиз'),
(75, 'Симферополь'),
(76, 'Славянск'),
(77, 'Советский'),
(78, 'Сочи'),
(79, 'Староминская'),
(80, 'Старощербиновская'),
(81, 'Старый Крым'),
(82, 'Судак'),
(83, 'Тбилисская'),
(84, 'Темрюк'),
(85, 'Тимашевск'),
(86, 'Тихорецк'),
(87, 'Туапсе'),
(88, 'Тюменский'),
(89, 'Усть-Лабинск'),
(90, 'Феодосия'),
(91, 'Форос'),
(92, 'Черноморское'),
(93, 'Чушка'),
(94, 'Штормовое'),
(95, 'Щелкино'),
(96, 'Ялта');

-- --------------------------------------------------------

--
-- Структура таблицы `client`
--

CREATE TABLE IF NOT EXISTS `client` (
  `id_client` int(10) NOT NULL,
  `id_chat` int(10) NOT NULL,
  `city_client` varchar(30) DEFAULT NULL,
  `main_phone_number_client` int(15) DEFAULT NULL,
  `adress_client` varchar(50) DEFAULT NULL,
  `organization_client` varchar(50) DEFAULT NULL,
  `post_client` varchar(20) DEFAULT NULL,
  `site_client` varchar(50) DEFAULT NULL,
  `numberIP_client` int(15) DEFAULT NULL,
  `notice_cliene` enum('yes','no') DEFAULT 'no',
  `score_client` float NOT NULL DEFAULT '0'
) ENGINE=InnoDB AUTO_INCREMENT=27 DEFAULT CHARSET=utf8;

--
-- Дамп данных таблицы `client`
--

INSERT INTO `client` (`id_client`, `id_chat`, `city_client`, `main_phone_number_client`, `adress_client`, `organization_client`, `post_client`, `site_client`, `numberIP_client`, `notice_cliene`, `score_client`) VALUES
(25, 0, 'Севастополь', 2147483647, 'ул. Коммунаров 4, кв 31', 'asprint', 'Менеджер', 'asprint.ru', 2147483647, 'yes', 0),
(26, 0, NULL, 12, NULL, 'kik', NULL, NULL, NULL, 'no', 231);

-- --------------------------------------------------------

--
-- Структура таблицы `colorfulness`
--

CREATE TABLE IF NOT EXISTS `colorfulness` (
  `id_colorfulness` int(10) NOT NULL,
  `face_colorfulness` int(10) NOT NULL,
  `turnover_colorfulness` int(10) NOT NULL
) ENGINE=InnoDB DEFAULT CHARSET=utf8;

--
-- Дамп данных таблицы `colorfulness`
--

INSERT INTO `colorfulness` (`id_colorfulness`, `face_colorfulness`, `turnover_colorfulness`) VALUES
(0, 1, 1),
(1, 4, 4),
(2, 1, 4),
(3, 4, 1),
(4, 4, 0),
(5, 0, 4);

-- --------------------------------------------------------

--
-- Структура таблицы `cost`
--

CREATE TABLE IF NOT EXISTS `cost` (
  `id_cost` int(10) NOT NULL,
  `value_cost` int(64) NOT NULL
) ENGINE=InnoDB AUTO_INCREMENT=277 DEFAULT CHARSET=utf8;

--
-- Дамп данных таблицы `cost`
--

INSERT INTO `cost` (`id_cost`, `value_cost`) VALUES
(1, 425),
(2, 850),
(3, 1270),
(4, 1690),
(5, 2110),
(6, 4220),
(7, 450),
(8, 900),
(9, 1350),
(10, 1800),
(11, 2250),
(12, 4495),
(13, 485),
(14, 960),
(15, 1435),
(16, 1910),
(17, 2395),
(18, 4780),
(19, 565),
(20, 1125),
(21, 1690),
(22, 2250),
(23, 2810),
(24, 5620),
(25, 655),
(26, 1310),
(27, 1960),
(28, 2615),
(29, 3260),
(30, 6520),
(31, 3935),
(32, 4495),
(33, 5060),
(34, 6745),
(35, 7865),
(36, 4220),
(37, 4835),
(38, 5455),
(39, 7195),
(40, 8375),
(41, 5060),
(42, 5620),
(43, 6180),
(44, 7305),
(45, 10115),
(46, 3935),
(47, 4385),
(48, 4835),
(49, 5395),
(50, 5620),
(51, 4220),
(52, 4720),
(53, 5170),
(54, 5845),
(55, 6405),
(56, 5060),
(57, 5395),
(58, 5845),
(59, 6745),
(60, 8990),
(61, 4495),
(62, 5170),
(63, 5845),
(64, 6745),
(65, 7865),
(66, 4890),
(67, 5620),
(68, 6295),
(69, 7305),
(70, 8430),
(71, 950),
(72, 2085),
(73, 3205),
(74, 5340),
(75, 10675),
(76, 25615),
(77, 1800),
(78, 3600),
(79, 5395),
(80, 7195),
(81, 8990),
(82, 17980),
(83, 1970),
(84, 3935),
(85, 5905),
(86, 7865),
(87, 9835),
(88, 19665),
(89, 2020),
(90, 4465),
(91, 7005),
(92, 11875),
(93, 23745),
(94, 49765),
(95, 4155),
(96, 8305),
(97, 12460),
(98, 16610),
(99, 20480),
(100, 37020),
(101, 4435),
(102, 7965),
(103, 13300),
(104, 17730),
(105, 22165),
(106, 38705),
(107, 2850),
(108, 6355),
(109, 9240),
(110, 16710),
(111, 32290),
(112, 76105),
(113, 950),
(114, 1980),
(115, 2885),
(116, 4805),
(117, 9240),
(118, 19745),
(119, 745),
(120, 1425),
(121, 2105),
(122, 2785),
(123, 3545),
(124, 6970),
(125, 810),
(126, 1550),
(127, 2310),
(128, 3030),
(129, 3820),
(130, 7580),
(131, 1410),
(132, 2810),
(133, 4220),
(134, 5620),
(135, 7025),
(136, 13935),
(137, 1550),
(138, 3095),
(139, 4640),
(140, 6180),
(141, 7730),
(142, 15170),
(143, 1425),
(144, 2995),
(145, 5075),
(146, 8755),
(147, 16015),
(148, 35760),
(149, 2785),
(150, 5565),
(151, 8350),
(152, 11125),
(153, 13905),
(154, 27415),
(155, 3030),
(156, 6015),
(157, 9050),
(158, 12025),
(159, 15055),
(160, 29665),
(161, 2725),
(162, 5765),
(163, 8010),
(164, 14410),
(165, 27645),
(166, 64575),
(167, 3525),
(168, 4115),
(169, 4810),
(170, 5660),
(171, 6410),
(172, 10675),
(173, 5565),
(174, 11125),
(175, 16690),
(176, 22250),
(177, 27810),
(178, 50560),
(179, 5955),
(180, 12025),
(181, 18090),
(182, 24105),
(183, 30110),
(184, 55000),
(185, 3525),
(186, 3740),
(187, 4380),
(188, 6085),
(189, 8010),
(190, 20925),
(191, 3710),
(192, 4330),
(193, 5845),
(194, 7640),
(195, 11125),
(196, 19665),
(197, 5455),
(198, 11745),
(199, 16015),
(200, 27755),
(201, 51765),
(202, 128080),
(203, 6725),
(204, 9355),
(205, 11745),
(206, 15265),
(207, 17615),
(208, 5870),
(209, 7050),
(210, 9930),
(211, 16440),
(212, 5980),
(213, 7470),
(214, 10675),
(215, 18145),
(216, 6085),
(217, 7640),
(218, 10945),
(219, 18680),
(220, 300),
(221, 550),
(222, 800),
(223, 1200),
(224, 400),
(225, 750),
(226, 1150),
(227, 1800),
(228, 600),
(229, 1150),
(230, 1700),
(231, 2400),
(232, 650),
(233, 1300),
(234, 1800),
(235, 2900),
(236, 320),
(237, 640),
(238, 860),
(239, 1300),
(240, 480),
(241, 960),
(242, 1240),
(243, 1900),
(244, 440),
(245, 880),
(246, 1200),
(247, 1980),
(248, 600),
(249, 800),
(250, 1600),
(251, 2400),
(252, 700),
(253, 1400),
(254, 1960),
(255, 2900),
(256, 580),
(257, 1100),
(258, 1650),
(259, 850),
(260, 1550),
(261, 2350),
(262, 453),
(263, 906),
(264, 1223),
(265, 778),
(266, 1556),
(267, 2048),
(268, 750),
(269, 1400),
(270, 2150),
(271, 1100),
(272, 2050),
(273, 2750),
(274, 2100),
(275, 1750),
(276, 2200);

-- --------------------------------------------------------

--
-- Структура таблицы `creasing`
--

CREATE TABLE IF NOT EXISTS `creasing` (
  `id_creasing` int(10) NOT NULL,
  `name_creasing` varchar(128) NOT NULL
) ENGINE=InnoDB DEFAULT CHARSET=utf8;

--
-- Дамп данных таблицы `creasing`
--

INSERT INTO `creasing` (`id_creasing`, `name_creasing`) VALUES
(1, '0'),
(2, '1'),
(3, '2'),
(4, '3');

-- --------------------------------------------------------

--
-- Структура таблицы `discount`
--

CREATE TABLE IF NOT EXISTS `discount` (
  `id_discount` int(10) NOT NULL
) ENGINE=InnoDB DEFAULT CHARSET=utf8;

-- --------------------------------------------------------

--
-- Структура таблицы `dop_rez`
--

CREATE TABLE IF NOT EXISTS `dop_rez` (
  `id_dop_rez` int(10) NOT NULL,
  `name_dop_rez` varchar(128) NOT NULL
) ENGINE=InnoDB DEFAULT CHARSET=utf8;

--
-- Дамп данных таблицы `dop_rez`
--

INSERT INTO `dop_rez` (`id_dop_rez`, `name_dop_rez`) VALUES
(1, '0'),
(2, '1'),
(3, '2'),
(4, '3'),
(5, '4'),
(6, '5'),
(7, '6'),
(8, '7'),
(9, '8'),
(10, '9'),
(11, '10'),
(12, '11'),
(13, '12'),
(14, '13'),
(15, '14'),
(16, '15'),
(17, '16'),
(18, '17'),
(19, '18'),
(20, '19'),
(21, '20');

-- --------------------------------------------------------

--
-- Структура таблицы `folding`
--

CREATE TABLE IF NOT EXISTS `folding` (
  `id_folding` int(10) NOT NULL,
  `name_folding` varchar(128) NOT NULL
) ENGINE=InnoDB DEFAULT CHARSET=utf8;

--
-- Дамп данных таблицы `folding`
--

INSERT INTO `folding` (`id_folding`, `name_folding`) VALUES
(1, '0'),
(2, '1'),
(3, '2'),
(4, '3');

-- --------------------------------------------------------

--
-- Структура таблицы `history_pay`
--

CREATE TABLE IF NOT EXISTS `history_pay` (
  `id_pay` int(10) NOT NULL,
  `id_client` int(10) NOT NULL,
  `type_pay` int(10) NOT NULL,
  `who_pay` varchar(10) NOT NULL,
  `sum` int(10) NOT NULL,
  `description` varchar(248) NOT NULL,
  `img_pay` varchar(248) NOT NULL,
  `confirmation_pay` int(10) NOT NULL,
  `no_show_user` int(10) NOT NULL,
  `no_show_manager` int(10) NOT NULL
) ENGINE=InnoDB DEFAULT CHARSET=utf8;

--
-- Дамп данных таблицы `history_pay`
--

INSERT INTO `history_pay` (`id_pay`, `id_client`, `type_pay`, `who_pay`, `sum`, `description`, `img_pay`, `confirmation_pay`, `no_show_user`, `no_show_manager`) VALUES
(1, 26, 2, 'Иван', 231, 'вуц', 'public/images/pay/1_26.png', 0, 0, 0);

-- --------------------------------------------------------

--
-- Структура таблицы `history_shopping`
--

CREATE TABLE IF NOT EXISTS `history_shopping` (
  `id_history_shopping` int(10) NOT NULL,
  `id_client_h_s` int(10) NOT NULL,
  `name_i_t_h_s` varchar(256) NOT NULL,
  `coloration_h_s` varchar(128) NOT NULL,
  `face_image_h_s` varchar(128) NOT NULL,
  `reverse_h_s` varchar(128) NOT NULL,
  `folding_h_s` int(128) NOT NULL,
  `creasing_h_s` int(128) NOT NULL,
  `dop_rez_h_s` int(128) NOT NULL,
  `hole_h_s` int(128) NOT NULL,
  `numbering_h_s` int(128) NOT NULL,
  `perforation_h_s` int(128) NOT NULL,
  `rounding_h_s` int(10) NOT NULL,
  `type_shipping_h_s` int(10) NOT NULL,
  `place_shipping_h_s` varchar(128) NOT NULL,
  `cost_h_s` int(128) NOT NULL,
  `comments_for_order_h_s` varchar(128) NOT NULL,
  `id_item_type_h_s` int(10) NOT NULL,
  `order_status_h_s` int(11) NOT NULL,
  `name_order_h_s` varchar(128) NOT NULL,
  `dop_info_h_s` varchar(128) NOT NULL,
  `circulation_h_s` int(11) NOT NULL,
  `time_h_s` datetime NOT NULL,
  `arhive_h_s` int(10) NOT NULL DEFAULT '0',
  `type_print_h_s` varchar(128) NOT NULL
) ENGINE=InnoDB AUTO_INCREMENT=51 DEFAULT CHARSET=utf8;

--
-- Дамп данных таблицы `history_shopping`
--

INSERT INTO `history_shopping` (`id_history_shopping`, `id_client_h_s`, `name_i_t_h_s`, `coloration_h_s`, `face_image_h_s`, `reverse_h_s`, `folding_h_s`, `creasing_h_s`, `dop_rez_h_s`, `hole_h_s`, `numbering_h_s`, `perforation_h_s`, `rounding_h_s`, `type_shipping_h_s`, `place_shipping_h_s`, `cost_h_s`, `comments_for_order_h_s`, `id_item_type_h_s`, `order_status_h_s`, `name_order_h_s`, `dop_info_h_s`, `circulation_h_s`, `time_h_s`, `arhive_h_s`, `type_print_h_s`) VALUES
(33, 26, 'Евровизитка (85x55) Картон Двухсторонний 300г/м². Красочность 4+4. Без покрытия.', '', '-1', '-1', 0, 0, 0, 0, 0, 0, 0, 0, 'Алушта ул. Ленина 116-г (Отделение №1)', 450, '', 3, 1, '', '', 1000, '2016-08-25 22:22:15', 1, 'Офсетная печать'),
(34, 26, 'Визитка (90x50) ', '2', 'public/images/34_1.png', 'public/images/34_2.png', 0, 0, 3, 0, 0, 0, 0, 0, 'Алушта ул. Ленина 116-г (Отделение №1)', 575, '', 1, 1, '', '', 1000, '2016-08-25 22:35:50', 1, 'Офсетная печать'),
(35, 26, 'Визитка (90x50) ', '2', 'public/images/34_1.png', 'public/images/34_2.png', 0, 0, 3, 0, 0, 0, 0, 0, 'Алушта ул. Ленина 116-г (Отделение №1)', 575, '', 1, 1, '', '', 1000, '2016-08-25 22:48:26', 1, 'Офсетная печать'),
(36, 26, 'Евровизитка (85x55) Картон Двухсторонний 300г/м². Красочность 4+4. Без покрытия.', '', '-1', '-1', 0, 0, 0, 0, 0, 0, 0, 0, 'Алушта ул. Ленина 116-г (Отделение №1)', 450, '', 3, 5, '', '', 1000, '2016-08-25 22:48:31', 0, 'Офсетная печать'),
(37, 26, 'Визитка (90x50) ', '2', 'public/images/34_1.png', 'public/images/34_2.png', 0, 0, 3, 0, 0, 0, 0, 0, 'Алушта ул. Ленина 116-г (Отделение №1)', 575, '', 1, 1, '', '', 1000, '2016-08-25 22:48:37', 0, 'Офсетная печать'),
(38, 26, 'Евровизитка (85x55) Картон Двухсторонний 300г/м². Красочность 4+4. Без покрытия.', '', '-1', '-1', 0, 0, 0, 0, 0, 0, 0, 0, 'Алушта ул. Ленина 116-г (Отделение №1)', 450, '', 3, 3, '', '', 1000, '2016-08-25 22:48:53', 0, 'Офсетная печать'),
(39, 26, 'A4 (297x210) Мелованная Глянцевая 130г/м². Красочность 4+4. Без покрытия.', '', '-1', '-1', 0, 0, 0, 0, 0, 0, 0, 0, 'Алушта ул. Ленина 116-г (Отделение №1)', 2725, '', 32, 1, '', '', 1000, '2016-10-17 01:29:09', 0, 'Офсетная печать'),
(40, 26, 'Визитка (90x50) ', '', '-1', '-1', 0, 0, 0, 0, 0, 0, 0, 0, 'Алушта ул. Ленина 116-г (Отделение №1)', 850, '', 1, 1, '', '', 2000, '2016-10-17 01:30:11', 1, 'Офсетная печать'),
(41, 26, 'Визитка (90x50) ', '2', '-1', '-1', 0, 0, 0, 0, 0, 0, 0, 2, 'Алушта ул. Ленина 116-г (Отделение №1)', 850, '', 1, 1, 'грг', '', 2000, '2016-10-17 01:33:37', 0, 'Офсетная печать'),
(42, 26, 'Евровизитка (85x55) Картон Двухсторонний 300г/м². Красочность 4+4. Без покрытия.', '', '-1', '-1', 0, 0, 0, 0, 0, 0, 0, 0, 'Алушта ул. Ленина 116-г (Отделение №1)', 450, '', 3, 1, '', '', 1000, '2016-10-17 14:05:03', 0, 'Офсетная печать'),
(43, 26, 'Евровизитка (85x55) Картон Двухсторонний 300г/м². Красочность 4+4. Без покрытия.', '', '-1', '-1', 0, 0, 0, 0, 0, 0, 0, 0, 'Алушта ул. Ленина 116-г (Отделение №1)', 450, '', 3, 1, '', '', 1000, '2016-10-17 14:05:40', 0, 'Офсетная печать'),
(44, 26, 'Визитка (90x50) ', '', '-1', '-1', 0, 0, 0, 0, 0, 0, 0, 0, 'Алушта ул. Ленина 116-г (Отделение №1)', 425, '', 1, 1, '', '', 1000, '2016-10-17 14:06:32', 0, 'Офсетная печать'),
(45, 26, 'Визитка (90x50) ', '', '-1', '-1', 0, 0, 0, 0, 0, 0, 0, 0, 'Алушта ул. Ленина 116-г (Отделение №1)', 1270, '', 1, 1, '', '', 3000, '2016-10-17 14:11:43', 0, 'Офсетная печать'),
(46, 26, 'Визитка (90x50) ', '', '-1', '-1', 0, 0, 0, 0, 0, 0, 0, 0, 'Алушта ул. Ленина 116-г (Отделение №1)', 1270, '', 1, 1, '', '', 3000, '2016-10-17 14:15:06', 0, 'Офсетная печать'),
(47, 26, 'Визитка (90x50) ', '', '-1', '-1', 0, 0, 0, 0, 0, 0, 0, 0, 'Алушта ул. Ленина 116-г (Отделение №1)', 850, '', 1, 1, '', '', 2000, '2016-10-19 15:58:21', 0, 'Офсетная печать'),
(48, 26, 'Визитка (90x50) ', '', '-1', '-1', 0, 0, 0, 0, 0, 0, 0, 0, 'Алушта ул. Ленина 116-г (Отделение №1)', 850, '', 1, 1, '', '', 2000, '2016-10-19 15:58:36', 0, 'Офсетная печать'),
(49, 0, '', '', '', '', 0, 0, 0, 0, 0, 0, 0, 0, '', 0, '', 0, 1, '', '', 0, '2016-10-31 09:29:14', 0, ''),
(50, 26, 'A4 (297x210) Офсетная Офсетная 80г/м². Красочность 4+0. Без покрытия.', '', 'public/images/50_1.png', '-1', 0, 0, 0, 0, 0, 0, 0, 0, 'Алушта ул. Ленина 116-г (Отделение №1)', 3525, '', 33, 1, '', '', 1000, '2017-06-04 19:52:50', 0, 'Офсетная печать');

-- --------------------------------------------------------

--
-- Структура таблицы `hole`
--

CREATE TABLE IF NOT EXISTS `hole` (
  `id_hole` int(10) NOT NULL,
  `name_hole` varchar(128) NOT NULL
) ENGINE=InnoDB DEFAULT CHARSET=utf8;

--
-- Дамп данных таблицы `hole`
--

INSERT INTO `hole` (`id_hole`, `name_hole`) VALUES
(1, '0'),
(2, '1'),
(3, '2');

-- --------------------------------------------------------

--
-- Структура таблицы `item`
--

CREATE TABLE IF NOT EXISTS `item` (
  `id_item` int(10) NOT NULL,
  `name_item` varchar(64) NOT NULL,
  `img_item` varchar(250) DEFAULT NULL
) ENGINE=InnoDB AUTO_INCREMENT=22 DEFAULT CHARSET=utf8;

--
-- Дамп данных таблицы `item`
--

INSERT INTO `item` (`id_item`, `name_item`, `img_item`) VALUES
(1, 'Визитка', '1'),
(2, 'Евровизитка', '2'),
(3, 'Календарик', '3'),
(4, 'Евро', '4'),
(5, '2 Евро', '5'),
(6, 'Евробуклет', '6'),
(7, 'А6', '7'),
(8, 'А5', '8'),
(9, 'А4', '9'),
(10, 'А3', '10'),
(11, 'А2', '11'),
(12, 'Хенгер', '12'),
(13, 'Папка', '13'),
(14, 'Календарь (домик)', '14'),
(15, 'Календарь (в основании треугольник)', '15'),
(16, 'Календарь (в основании квадрат)', '16'),
(17, 'Квадратный календарь', '17'),
(18, 'А7', '18'),
(19, 'Еврофлаер', '19'),
(20, 'Листовка', '20'),
(21, 'Буклет', '21');

-- --------------------------------------------------------

--
-- Структура таблицы `item_type`
--

CREATE TABLE IF NOT EXISTS `item_type` (
  `id_item_type` int(10) NOT NULL,
  `id_item_item_type` int(10) NOT NULL,
  `id_size_type` int(10) NOT NULL,
  `id_paper_type` int(10) NOT NULL,
  `id_print_type` int(10) NOT NULL,
  `id_colorfulness_item_type` int(10) NOT NULL,
  `id_lamination_type` int(10) NOT NULL,
  `img_item_type` text,
  `name_item_type` varchar(128) NOT NULL,
  `side_item_type` enum('oneside','twoside') NOT NULL,
  `rounding` int(1) NOT NULL
) ENGINE=InnoDB AUTO_INCREMENT=64 DEFAULT CHARSET=utf8;

--
-- Дамп данных таблицы `item_type`
--

INSERT INTO `item_type` (`id_item_type`, `id_item_item_type`, `id_size_type`, `id_paper_type`, `id_print_type`, `id_colorfulness_item_type`, `id_lamination_type`, `img_item_type`, `name_item_type`, `side_item_type`, `rounding`) VALUES
(1, 1, 1, 19, 1, 1, 1, '1', 'Визитка (90x50) ', 'twoside', 1),
(2, 1, 1, 19, 1, 1, 4, '2', 'Визитка (90x50) Картон Двухсторонний 300г/м². Красочность 4+4. лицо Глянец.', 'twoside', 1),
(3, 2, 2, 19, 1, 1, 1, '3', 'Евровизитка (85x55) Картон Двухсторонний 300г/м². Красочность 4+4. Без покрытия.', 'twoside', 1),
(4, 2, 2, 19, 1, 1, 4, '4', 'Евровизитка (85x55) Картон Двухсторонний 300г/м². Красочность 4+4. лицо Глянец.', 'twoside', 1),
(5, 3, 15, 19, 1, 1, 1, '5', 'Календарик (100x70) Картон Двухсторонний 300г/м². Красочность 4+4. Без покрытия.', 'twoside', 1),
(6, 3, 15, 19, 1, 1, 4, '6', 'Календарик (100x70) Картон Двухсторонний 300г/м². Красочность 4+4. лицо Глянец.', 'twoside', 1),
(7, 14, 16, 6, 1, 4, 1, '7', 'Календарь (домик) (313x210) Картон Односторонний 250г/м². Красочность 4+0. Без покрытия.', 'oneside', 0),
(8, 14, 16, 6, 1, 4, 4, '8', 'Календарь (домик) (313x210) Картон Односторонний 250г/м². Красочность 4+0. лицо Глянец.', 'oneside', 0),
(9, 14, 16, 6, 1, 4, 7, '9', 'Календарь (домик) (313x210) Картон Односторонний 250г/м². Красочность 4+0. лицо Мат.', 'oneside', 0),
(10, 15, 17, 6, 1, 4, 1, '10', 'Календарь (в основании треугольник) (354x140) Картон Односторонний 250г/м². Красочность 4+0. Без покрытия.', 'oneside', 0),
(11, 15, 17, 6, 1, 4, 4, '11', 'Календарь (в основании треугольник) (354x140) Картон Односторонний 250г/м². Красочность 4+0. лицо Глянец.', 'oneside', 0),
(12, 15, 17, 6, 1, 4, 7, '12', 'Календарь (в основании треугольник) (354x140) Картон Односторонний 250г/м². Красочность 4+0. лицо Мат.', 'oneside', 0),
(13, 16, 18, 6, 1, 4, 1, '13', 'Календарь (в основании квадрат) (377x203) Картон Односторонний 250г/м². Красочность 4+0. Без покрытия.', 'oneside', 0),
(14, 16, 18, 6, 1, 4, 4, '14', 'Календарь (в основании квадрат) (377x203) Картон Односторонний 250г/м². Красочность 4+0. лицо Глянец.', 'oneside', 0),
(15, 16, 18, 6, 1, 4, 7, '15', 'Календарь (в основании квадрат) (377x203) Картон Односторонний 250г/м². Красочность 4+0. лицо Мат.', 'oneside', 0),
(16, 4, 3, 29, 1, 1, 1, '16', 'Евро (210x99) Мелованная Глянцевая 130г/м². Красочность 4+4. Без покрытия.', 'twoside', 1),
(17, 4, 3, 19, 1, 1, 1, '17', 'Евро (210x99) Картон Двухсторонний 300г/м². Красочность 4+4. Без покрытия.', 'twoside', 1),
(18, 4, 3, 19, 1, 1, 4, '18', 'Евро (210x99) Картон Двухсторонний 300г/м². Красочность 4+4. лицо Глянец.', 'twoside', 1),
(19, 5, 4, 29, 1, 1, 1, '19', '2 Евро (198x210) Мелованная Глянцевая 130г/м². Красочность 4+4. Без покрытия.', 'twoside', 0),
(20, 5, 4, 19, 1, 1, 1, '20', '2 Евро (198x210) Картон Двухсторонний 300г/м². Красочность 4+4. Без покрытия.', 'twoside', 0),
(21, 5, 4, 19, 1, 1, 4, '21', '2 Евро (198x210) Картон Двухсторонний 300г/м². Красочность 4+4. лицо Глянец.', 'twoside', 0),
(22, 6, 5, 29, 1, 1, 1, '22', 'Евробуклет (297x210) Мелованная Глянцевая 130г/м². Красочность 4+4. Без покрытия.', 'twoside', 0),
(23, 18, 6, 29, 1, 1, 1, '23', 'A7 (105x74) Мелованная Глянцевая 130г/м². Красочность 4+4. Без покрытия.', 'twoside', 1),
(24, 18, 6, 19, 1, 1, 1, '24', 'A7 (105x74) Картон Двухсторонний 300г/м². Красочность 4+4. Без покрытия.', 'twoside', 1),
(25, 18, 6, 19, 1, 1, 1, '25', 'A7 (105x74) Картон Двухсторонний 300г/м². Красочность 4+4. лицо Глянец.', 'twoside', 1),
(26, 7, 7, 29, 1, 1, 1, '26', 'A6 (148x105) Мелованная Глянцевая 130г/м². Красочность 4+4. Без покрытия.', 'twoside', 1),
(27, 7, 7, 19, 1, 1, 1, '27', 'A6 (148x105) Картон Двухсторонний 300г/м². Красочность 4+4. Без покрытия.', 'twoside', 1),
(28, 7, 7, 19, 1, 1, 4, '28', 'A6 (148x105) Картон Двухсторонний 300г/м². Красочность 4+4. лицо Глянец.', 'twoside', 1),
(29, 8, 8, 29, 1, 1, 1, '29', 'A5 (210x148) Мелованная Глянцевая 130г/м². Красочность 4+4. Без покрытия.', 'twoside', 1),
(30, 8, 8, 19, 1, 1, 1, '30', 'A5 (210x148) Картон Двухсторонний 300г/м². Красочность 4+4. Без покрытия.', 'twoside', 1),
(31, 8, 8, 19, 1, 1, 4, '31', 'A5 (210x148) Картон Двухсторонний 300г/м². Красочность 4+4. лицо Глянец.', 'twoside', 1),
(32, 9, 9, 29, 1, 1, 1, '32', 'A4 (297x210) Мелованная Глянцевая 130г/м². Красочность 4+4. Без покрытия.', 'twoside', 1),
(33, 9, 9, 49, 1, 4, 1, '33', 'A4 (297x210) Офсетная Офсетная 80г/м². Красочность 4+0. Без покрытия.', 'oneside', 1),
(34, 9, 9, 19, 1, 1, 1, '34', 'A4 (297x210) Картон Двухсторонний 300г/м². Красочность 4+4. Без покрытия.', 'twoside', 1),
(35, 9, 9, 19, 1, 1, 4, '35', 'A4 (297x210) Картон Двухсторонний 300г/м². Красочность 4+4. лицо Глянец.', 'twoside', 1),
(36, 10, 10, 26, 1, 4, 1, '36', 'A3 (420x297) Мелованная Глянцевая 90г/м². Красочность 4+0. Без покрытия.', 'oneside', 1),
(37, 10, 10, 49, 1, 4, 1, '37', 'A3 (420x297) Офсетная Офсетная 80г/м². Красочность 4+0. Без покрытия.', 'oneside', 1),
(38, 10, 10, 29, 1, 1, 1, '38', 'A3 (420x297) Мелованная Глянцевая 130г/м². Красочность 4+4. Без покрытия.', 'twoside', 1),
(39, 11, 11, 26, 1, 4, 1, '39', 'A2 (594x420) Мелованная Глянцевая 90г/м². Красочность 4+0. Без покрытия.', 'oneside', 1),
(40, 12, 12, 33, 1, 1, 1, '40', 'Хенгер (88x201) Мелованная Глянцевая 200г/м². Красочность 4+4. Без покрытия.', 'twoside', 1),
(41, 13, 13, 7, 1, 4, 1, '41', 'Папка (506x416) Картон Односторонний 260г/м². Красочность 4+0. Без покрытия.', 'oneside', 0),
(42, 13, 13, 7, 1, 4, 4, '42', 'Папка (506x416) Картон Односторонний 260г/м². Красочность 4+0. лицо Глянец.', 'oneside', 0),
(43, 13, 13, 7, 1, 4, 7, '43', 'Папка (506x416) Картон Односторонний 260г/м². Красочность 4+0. лицо Мат.', 'oneside', 0),
(44, 1, 1, 92, 2, 4, 1, '44', 'Визитка(90x50)Картон Односторонний  300г/м²Красочность 4+0 Без покрытия.', 'oneside', 0),
(45, 1, 1, 19, 2, 1, 1, '45', 'Визитка(90x50)Картон Двухсторонний  300г/м²Красочность 4+4 Без покрытия.', 'twoside', 0),
(46, 1, 1, 92, 2, 4, 4, '46', 'Визитка(90x50)Картон Односторонний  300г/м²Красочность 4+0 лицо Глянец.', 'oneside', 0),
(47, 1, 1, 19, 2, 1, 4, '47', 'Визитка(90x50)Картон Двухсторонний  300г/м²Красочность 4+4 лицо Глянец.', 'twoside', 0),
(48, 1, 1, 19, 2, 1, 3, '48', 'Визитка(90x50)Картон Двухсторонний  300г/м²Красочность 4+4 Глянец глянец', 'twoside', 0),
(49, 1, 1, 93, 2, 4, 1, '49', 'Визитка(90x50)Картон Односторонний 350г/м²Красочность 4+0 Без покрытия.', 'oneside', 0),
(50, 1, 1, 94, 2, 1, 1, '50', 'Визитка(90x50)Картон Двухсторонний 350г/м²Красочность 4+4 Без покрытия.', 'twoside', 0),
(51, 1, 1, 93, 2, 4, 4, '51', 'Визитка(90x50)Картон Односторонний 350г/м²Красочность 4+0 лицо глянец', 'oneside', 0),
(52, 1, 1, 94, 2, 1, 4, '52', 'Визитка(90x50)Картон Двухсторонний 350г/м²Красочность 4+4 лицо глянец.', 'twoside', 0),
(53, 1, 1, 94, 2, 1, 3, '53', 'Визитка(90x50)Картон Двухсторонний 350г/м²Красочность 4+4 Глянец глянец.', 'twoside', 0),
(54, 19, 19, 95, 2, 4, 1, '54', 'Еврофлаер (21х10)  Картон Односторонний 130 г/м² Красочность 4+0 Без покрытия', 'oneside', 0),
(55, 19, 19, 96, 2, 1, 1, '55', 'Еврофлаер (21х10)  Картон Двухсторонний 130 г/м² Красочность 4+4 Без покрытия.', 'twoside', 0),
(56, 20, 20, 95, 2, 4, 1, '56', 'Листовка(210х148)Картон Односторонний 130 г/м² Красочность 4+0 Без покрытия.', 'oneside', 0),
(57, 20, 20, 96, 2, 1, 1, '57', 'Листовка(210х148)Картон Двухсторонний 130 г/м² Красочность 4+4 Без покрытия.', 'twoside', 0),
(58, 20, 20, 97, 2, 4, 1, '58', 'Листовка(210х148)Картон Односторонний 150 г/м² Красочность 4+0 Без покрытия.', 'oneside', 0),
(59, 20, 20, 98, 2, 1, 1, '59', 'Листовка(210х148)Картон Двухсторонний 150 г/м² Красочность 4+4 Без покрытия.', 'twoside', 0),
(60, 21, 21, 95, 2, 4, 1, '60', 'Буклет (297х210)Картон Односторонний 130 г/м² Красочность 4+0 Без покрытия.', 'oneside', 0),
(61, 21, 21, 96, 2, 1, 1, '61', 'Буклет (297х210)Картон Двухсторонний 130 г/м² Красочность 4+4 Без покрытия.', 'twoside', 0),
(62, 21, 21, 97, 2, 4, 1, '62', 'Буклет (297х210)Картон Односторонний 150 г/м² Красочность 4+0 Без покрытия.', 'oneside', 0),
(63, 21, 21, 98, 2, 1, 1, '63', 'Буклет (297х210)Картон Двухсторонний 150 г/м² Красочность 4+4 Без покрытия.', 'twoside', 0);

-- --------------------------------------------------------

--
-- Структура таблицы `lamination`
--

CREATE TABLE IF NOT EXISTS `lamination` (
  `id_lamination` int(10) NOT NULL,
  `face_lamination` varchar(64) NOT NULL,
  `turnover_lamination` varchar(64) NOT NULL
) ENGINE=InnoDB DEFAULT CHARSET=utf8;

--
-- Дамп данных таблицы `lamination`
--

INSERT INTO `lamination` (`id_lamination`, `face_lamination`, `turnover_lamination`) VALUES
(1, 'Нет', 'Нет'),
(2, 'Нет', 'Глянцевая'),
(3, 'Глянцевая', 'Глянцевая'),
(4, 'Глянцевая', 'Нет'),
(5, 'Глянцевая', 'Матовая'),
(6, 'Матовая', 'Глянцевая'),
(7, 'Матовая', 'Нет'),
(8, 'Нет', 'Матовая'),
(9, 'Матовая', 'Матовая');

-- --------------------------------------------------------

--
-- Структура таблицы `manager`
--

CREATE TABLE IF NOT EXISTS `manager` (
  `id_manager` int(10) NOT NULL,
  `login_manager` varchar(10) NOT NULL,
  `password_manager` varchar(32) NOT NULL,
  `email_manager` varchar(64) NOT NULL,
  `name_manager` varchar(32) NOT NULL,
  `lastname_manager` varchar(64) NOT NULL
) ENGINE=InnoDB AUTO_INCREMENT=2 DEFAULT CHARSET=utf8;

--
-- Дамп данных таблицы `manager`
--

INSERT INTO `manager` (`id_manager`, `login_manager`, `password_manager`, `email_manager`, `name_manager`, `lastname_manager`) VALUES
(1, 'manager', '34ab7be84f5dc10ce5c99ce798d4d250', 'manager@manager.ru', 'Ivan', 'Smirnov');

-- --------------------------------------------------------

--
-- Структура таблицы `message`
--

CREATE TABLE IF NOT EXISTS `message` (
  `id_message` int(11) NOT NULL,
  `id_chat` int(11) NOT NULL,
  `text` text NOT NULL,
  `date` timestamp NOT NULL DEFAULT CURRENT_TIMESTAMP ON UPDATE CURRENT_TIMESTAMP,
  `from_whom` int(11) NOT NULL
) ENGINE=InnoDB AUTO_INCREMENT=53 DEFAULT CHARSET=utf8;

--
-- Дамп данных таблицы `message`
--

INSERT INTO `message` (`id_message`, `id_chat`, `text`, `date`, `from_whom`) VALUES
(45, 90, 'Привет', '2017-06-18 22:41:36', 26),
(46, 91, 'Как ваши дела?', '2017-06-18 22:41:45', 26),
(48, 93, 'cdsklmcs', '2017-06-18 23:09:47', 26),
(49, 93, 'cfdccfd', '2017-06-18 23:20:19', 26),
(50, 93, 'fcs', '2017-06-18 23:20:26', 26),
(51, 91, 'fkrmvfcd', '2017-06-18 23:20:30', 26),
(52, 93, 'kl', '2017-06-18 23:40:53', 26);

-- --------------------------------------------------------

--
-- Структура таблицы `numbering`
--

CREATE TABLE IF NOT EXISTS `numbering` (
  `id_numbering` int(10) NOT NULL,
  `name_numbering` varchar(128) NOT NULL
) ENGINE=InnoDB DEFAULT CHARSET=utf8;

--
-- Дамп данных таблицы `numbering`
--

INSERT INTO `numbering` (`id_numbering`, `name_numbering`) VALUES
(1, 'нет'),
(2, '1 номер'),
(3, '2 номера');

-- --------------------------------------------------------

--
-- Структура таблицы `perforation`
--

CREATE TABLE IF NOT EXISTS `perforation` (
  `id_perforation` int(10) NOT NULL,
  `name_perforation` varchar(128) NOT NULL
) ENGINE=InnoDB DEFAULT CHARSET=utf8;

--
-- Дамп данных таблицы `perforation`
--

INSERT INTO `perforation` (`id_perforation`, `name_perforation`) VALUES
(2, '1 подход'),
(3, '2 подхода'),
(4, '3 подхода'),
(5, '4 подхода'),
(6, '5 подходов'),
(1, 'Нет');

-- --------------------------------------------------------

--
-- Структура таблицы `prices`
--

CREATE TABLE IF NOT EXISTS `prices` (
  `id_prices` int(10) NOT NULL,
  `id_item_type_prices` int(10) NOT NULL,
  `id_circulation_prices` int(10) NOT NULL,
  `id_cost` int(10) NOT NULL
) ENGINE=InnoDB AUTO_INCREMENT=305 DEFAULT CHARSET=utf8;

--
-- Дамп данных таблицы `prices`
--

INSERT INTO `prices` (`id_prices`, `id_item_type_prices`, `id_circulation_prices`, `id_cost`) VALUES
(1, 1, 1, 1),
(2, 1, 2, 2),
(3, 1, 3, 3),
(4, 1, 4, 4),
(5, 1, 5, 5),
(6, 1, 6, 6),
(7, 2, 1, 7),
(8, 2, 2, 8),
(9, 2, 3, 9),
(10, 2, 4, 10),
(11, 2, 5, 11),
(12, 2, 6, 12),
(13, 3, 1, 7),
(14, 3, 2, 8),
(15, 3, 3, 9),
(16, 3, 4, 10),
(17, 3, 5, 11),
(18, 3, 6, 12),
(19, 4, 1, 13),
(20, 4, 2, 14),
(21, 4, 3, 15),
(22, 4, 4, 16),
(23, 4, 5, 17),
(24, 4, 6, 18),
(25, 5, 1, 19),
(26, 5, 2, 20),
(27, 5, 3, 21),
(28, 5, 4, 22),
(29, 5, 5, 23),
(30, 5, 6, 24),
(31, 6, 1, 25),
(32, 6, 2, 26),
(33, 6, 3, 27),
(34, 6, 4, 28),
(35, 6, 5, 29),
(36, 6, 6, 30),
(37, 7, 7, 31),
(38, 7, 8, 32),
(39, 7, 9, 33),
(40, 7, 10, 34),
(41, 7, 11, 35),
(42, 8, 7, 36),
(43, 8, 8, 37),
(44, 8, 9, 38),
(45, 8, 10, 39),
(46, 8, 11, 40),
(47, 9, 7, 41),
(48, 9, 8, 42),
(49, 9, 9, 43),
(50, 9, 10, 44),
(51, 9, 11, 45),
(52, 10, 7, 46),
(53, 10, 8, 47),
(54, 10, 9, 48),
(55, 10, 10, 49),
(56, 10, 11, 50),
(57, 11, 7, 51),
(58, 11, 8, 52),
(59, 11, 9, 53),
(60, 11, 10, 54),
(61, 11, 11, 55),
(62, 12, 7, 56),
(63, 12, 8, 57),
(64, 12, 9, 58),
(65, 12, 10, 59),
(66, 12, 11, 60),
(67, 13, 7, 61),
(68, 13, 8, 62),
(69, 13, 9, 63),
(70, 13, 10, 64),
(71, 13, 11, 65),
(72, 14, 7, 66),
(73, 14, 8, 67),
(74, 14, 9, 68),
(75, 14, 10, 69),
(76, 14, 11, 70),
(77, 15, 7, 41),
(78, 15, 8, 42),
(79, 15, 9, 43),
(80, 15, 10, 44),
(81, 15, 11, 45),
(82, 16, 11, 71),
(83, 16, 12, 72),
(84, 16, 13, 73),
(85, 16, 14, 74),
(86, 16, 15, 75),
(87, 16, 16, 76),
(88, 17, 11, 77),
(89, 17, 12, 78),
(90, 17, 13, 79),
(91, 17, 14, 80),
(92, 17, 15, 81),
(93, 17, 16, 82),
(94, 18, 11, 83),
(95, 18, 12, 84),
(96, 18, 13, 85),
(97, 18, 14, 86),
(98, 18, 15, 87),
(99, 18, 16, 88),
(100, 19, 11, 89),
(101, 19, 12, 90),
(102, 19, 13, 91),
(103, 19, 14, 92),
(104, 19, 15, 93),
(105, 19, 16, 94),
(106, 20, 1, 95),
(107, 20, 2, 96),
(108, 20, 3, 97),
(109, 20, 4, 98),
(110, 20, 5, 99),
(111, 20, 6, 100),
(112, 21, 1, 101),
(113, 21, 2, 102),
(114, 21, 3, 103),
(115, 21, 4, 104),
(116, 21, 5, 105),
(117, 21, 6, 106),
(118, 22, 11, 107),
(119, 22, 12, 108),
(120, 22, 13, 109),
(121, 22, 14, 110),
(122, 22, 15, 111),
(123, 22, 16, 112),
(124, 23, 17, 113),
(125, 23, 18, 114),
(126, 23, 19, 115),
(127, 23, 20, 116),
(128, 23, 21, 117),
(129, 23, 22, 118),
(130, 24, 1, 119),
(131, 24, 2, 120),
(132, 24, 3, 121),
(133, 24, 4, 122),
(134, 24, 5, 123),
(135, 24, 6, 124),
(136, 25, 1, 125),
(137, 25, 2, 126),
(138, 25, 3, 127),
(139, 25, 4, 128),
(140, 25, 5, 129),
(141, 25, 6, 130),
(142, 26, 11, 113),
(143, 26, 12, 114),
(144, 26, 13, 115),
(145, 26, 14, 116),
(146, 26, 15, 117),
(147, 26, 16, 118),
(148, 27, 1, 131),
(149, 27, 2, 132),
(150, 27, 3, 133),
(151, 27, 4, 134),
(152, 27, 5, 135),
(153, 27, 6, 136),
(154, 28, 1, 137),
(155, 28, 2, 138),
(156, 28, 3, 139),
(157, 28, 4, 140),
(158, 28, 5, 141),
(159, 28, 6, 142),
(160, 29, 11, 143),
(161, 29, 12, 144),
(162, 29, 13, 145),
(163, 29, 14, 146),
(164, 29, 15, 147),
(165, 29, 16, 148),
(166, 30, 1, 149),
(167, 30, 2, 150),
(168, 30, 3, 151),
(169, 30, 4, 152),
(170, 30, 5, 153),
(171, 30, 6, 154),
(172, 31, 1, 155),
(173, 31, 2, 156),
(174, 31, 3, 157),
(175, 31, 4, 158),
(176, 31, 5, 159),
(177, 31, 6, 160),
(178, 32, 11, 161),
(179, 32, 12, 162),
(180, 32, 13, 163),
(181, 32, 14, 164),
(182, 32, 15, 165),
(183, 32, 16, 166),
(184, 33, 1, 167),
(185, 33, 2, 168),
(186, 33, 3, 169),
(187, 33, 4, 170),
(188, 33, 5, 171),
(189, 33, 6, 172),
(190, 34, 1, 173),
(191, 34, 2, 174),
(192, 34, 3, 175),
(193, 34, 4, 176),
(194, 34, 5, 177),
(195, 34, 6, 178),
(196, 35, 1, 179),
(197, 35, 2, 180),
(198, 35, 3, 181),
(199, 35, 4, 182),
(200, 35, 5, 183),
(201, 35, 6, 184),
(202, 36, 23, 185),
(203, 36, 24, 186),
(204, 36, 25, 187),
(205, 36, 26, 188),
(206, 36, 27, 189),
(207, 36, 28, 190),
(208, 37, 29, 191),
(209, 37, 30, 192),
(210, 37, 31, 193),
(211, 37, 32, 194),
(212, 37, 33, 195),
(213, 37, 34, 196),
(214, 38, 11, 197),
(215, 38, 12, 198),
(216, 38, 13, 199),
(217, 38, 14, 200),
(218, 38, 15, 201),
(219, 38, 16, 202),
(220, 39, 35, 185),
(221, 39, 36, 186),
(222, 39, 37, 187),
(223, 39, 38, 188),
(224, 39, 39, 189),
(225, 39, 40, 190),
(226, 40, 41, 203),
(227, 40, 42, 204),
(228, 40, 43, 205),
(229, 40, 44, 206),
(230, 40, 45, 207),
(231, 41, 35, 208),
(232, 41, 36, 209),
(233, 41, 36, 210),
(234, 41, 38, 211),
(235, 42, 35, 212),
(236, 42, 36, 213),
(237, 42, 37, 214),
(238, 42, 38, 215),
(239, 43, 35, 216),
(240, 43, 36, 217),
(241, 43, 37, 218),
(242, 43, 38, 219),
(243, 44, 7, 220),
(244, 44, 8, 221),
(245, 44, 9, 222),
(246, 44, 10, 223),
(247, 45, 7, 224),
(248, 45, 8, 225),
(249, 45, 9, 226),
(250, 45, 10, 227),
(251, 46, 7, 224),
(252, 46, 8, 225),
(253, 46, 9, 226),
(254, 46, 10, 227),
(255, 47, 7, 228),
(256, 47, 8, 229),
(257, 47, 9, 230),
(258, 47, 10, 231),
(259, 48, 7, 232),
(260, 48, 8, 233),
(261, 48, 9, 234),
(262, 48, 10, 235),
(263, 49, 7, 236),
(264, 49, 8, 237),
(265, 49, 9, 238),
(266, 49, 10, 239),
(267, 50, 7, 240),
(268, 50, 8, 241),
(269, 50, 9, 242),
(270, 50, 10, 243),
(271, 51, 7, 244),
(272, 51, 8, 245),
(273, 51, 9, 246),
(274, 51, 10, 247),
(275, 52, 7, 248),
(276, 52, 8, 249),
(277, 52, 9, 250),
(278, 52, 10, 251),
(279, 53, 7, 252),
(280, 53, 8, 253),
(281, 53, 9, 254),
(282, 53, 10, 255),
(283, 54, 7, 256),
(284, 54, 8, 257),
(285, 54, 9, 258),
(286, 55, 7, 259),
(287, 55, 8, 260),
(288, 55, 9, 261),
(289, 56, 7, 262),
(290, 56, 8, 263),
(291, 56, 9, 264),
(292, 57, 7, 265),
(293, 57, 8, 266),
(294, 57, 9, 267),
(295, 58, 7, 268),
(296, 58, 8, 269),
(297, 58, 9, 270),
(298, 59, 7, 271),
(299, 59, 8, 272),
(300, 59, 9, 273),
(301, 60, 7, 269),
(302, 61, 7, 274),
(303, 62, 7, 275),
(304, 63, 7, 276);

-- --------------------------------------------------------

--
-- Структура таблицы `print`
--

CREATE TABLE IF NOT EXISTS `print` (
  `id_print` int(10) NOT NULL,
  `name_print` varchar(30) NOT NULL
) ENGINE=InnoDB AUTO_INCREMENT=6 DEFAULT CHARSET=utf8;

--
-- Дамп данных таблицы `print`
--

INSERT INTO `print` (`id_print`, `name_print`) VALUES
(1, 'Офсетная печать'),
(2, 'Цифровая печать'),
(3, 'Широкоформатная печать'),
(4, 'Пластиковые карты'),
(5, 'Индивидуальный заказ');

-- --------------------------------------------------------

--
-- Структура таблицы `size`
--

CREATE TABLE IF NOT EXISTS `size` (
  `id_size` int(10) NOT NULL,
  `name_size` varchar(128) NOT NULL,
  `height_size` int(15) NOT NULL,
  `width_size` int(15) NOT NULL
) ENGINE=InnoDB AUTO_INCREMENT=22 DEFAULT CHARSET=utf8;

--
-- Дамп данных таблицы `size`
--

INSERT INTO `size` (`id_size`, `name_size`, `height_size`, `width_size`) VALUES
(1, 'Визитка', 90, 50),
(2, 'Евровизитка', 85, 55),
(3, 'Евро', 210, 99),
(4, '2 Евро', 198, 210),
(5, 'Евробуклет', 297, 210),
(6, 'А7', 105, 74),
(7, 'А6', 148, 105),
(8, 'А5', 210, 148),
(9, 'А4', 297, 210),
(10, 'А3', 420, 297),
(11, 'А2', 594, 420),
(12, 'Хенгер', 88, 201),
(13, 'Папка', 506, 416),
(14, 'SRA', 440, 310),
(15, 'Календарик', 100, 70),
(16, 'Календарь (домик)', 313, 210),
(17, 'Календарь (в основании треугольник) ', 354, 140),
(18, 'Календарь (в основании квадрат)', 377, 203),
(19, 'Еврофлаер', 21, 10),
(20, 'Листовка', 210, 148),
(21, 'Буклет', 297, 210);

-- --------------------------------------------------------

--
-- Структура таблицы `street_f_p`
--

CREATE TABLE IF NOT EXISTS `street_f_p` (
  `id_street_f_p` int(10) NOT NULL,
  `id_city_s_f_p` int(10) NOT NULL,
  `name_street_f_p` varchar(128) NOT NULL
) ENGINE=InnoDB DEFAULT CHARSET=utf8;

--
-- Дамп данных таблицы `street_f_p`
--

INSERT INTO `street_f_p` (`id_street_f_p`, `id_city_s_f_p`, `name_street_f_p`) VALUES
(1, 1, 'ул. Ленина 116-г (Отделение №1)'),
(2, 2, 'ул. Иванищева, 1 (Отделение №1)'),
(3, 3, 'ул. Кооперативная 8 (Отделение №1)'),
(4, 4, 'ул. Нижнегорская/Мира, 3/7'),
(5, 5, 'ул. Ленина 71А'),
(6, 6, 'ул.Ленина 44'),
(7, 7, 'ул. Дмитрия Ульянова, 72'),
(8, 8, 'ул. Шлагбаумская 49/2'),
(9, 9, 'ул.Новороссийская 210 ("Кубаньтекстильторг")'),
(10, 10, 'ул. Таврическая,14/2'),
(11, 11, 'Курьеры'),
(12, 11, 'ул. Варшавское ш. 170Г (Отделение №3)'),
(13, 11, 'ул. Ташкентская 12/20'),
(14, 11, 'Центральное отделение'),
(15, 12, 'Машковский проезд, д.10 А'),
(16, 13, 'ул. Гордеевская 1/3 (Отделение №1)'),
(17, 14, 'ул. Евпаторийское шоссе, 8 б (Отделение №1)'),
(18, 15, 'ул. Донская 20'),
(19, 16, 'ул. Трудовая-29\\4 (Отделение 1)'),
(20, 17, 'ул. Киевская 5 корпус 5 склад 10'),
(21, 18, 'Бухгалтерия'),
(22, 18, 'пр. Октябрьской Революции 56'),
(23, 18, 'ул. Гоголя 36 (Отделение №2)'),
(24, 18, 'ул. Фиолентовское шоссе 1'),
(25, 19, 'Ул. Рубцова 44'),
(26, 19, 'ул. Севастопольская 72Д (до 30 кг. на одно место )'),
(27, 19, 'ул.Рубцова (Терминал №1)'),
(28, 20, 'ул.Феодосиское шоссе 1'),
(29, 21, 'ул.Федько 31'),
(30, 22, 'ул. Южная д.15а'),
(31, 23, 'территория Щелкинского городского рынка');

-- --------------------------------------------------------

--
-- Структура таблицы `street_r_b`
--

CREATE TABLE IF NOT EXISTS `street_r_b` (
  `id_street_r_b` int(10) NOT NULL,
  `id_city_r_b` int(10) NOT NULL,
  `name_street_r_b` varchar(128) NOT NULL
) ENGINE=InnoDB DEFAULT CHARSET=utf8;

--
-- Дамп данных таблицы `street_r_b`
--

INSERT INTO `street_r_b` (`id_street_r_b`, `id_city_r_b`, `name_street_r_b`) VALUES
(1, 1, 'Ахтарский трасса'),
(2, 1, 'ул. Заводская, 4'),
(3, 1, 'Холмский'),
(4, 2, 'Автостанция'),
(5, 2, 'ж/д вокзал'),
(6, 2, 'Казачий рынок'),
(7, 3, 'ул. Ленина, дом 4'),
(8, 4, 'ул. Симферопольская, дом 1'),
(9, 5, 'Красноармейская ул., 11'),
(10, 6, 'Краснодарский край Анастасиевское'),
(11, 7, 'ул. Ворошилова, 2'),
(12, 7, 'Хадыженск автокасса'),
(13, 8, 'трасса'),
(14, 8, 'ул. Ефремова, 145'),
(15, 9, 'Симферопольское шоссе, дом 10'),
(16, 10, 'ул. Ракитского, дом 2'),
(17, 10, 'ул. Симферопольская, дом 45'),
(18, 11, 'село, Белоглинский район, Краснодарский край'),
(19, 12, 'ул. Нижнегорская, дом 13'),
(20, 13, 'автокасса'),
(21, 13, 'Великовечное'),
(22, 13, 'стела'),
(23, 13, 'ул. Ленина, 84'),
(24, 14, 'ул. Московская, дом 33'),
(25, 15, 'Автостанция'),
(26, 15, 'Новоджерелиевская'),
(27, 16, 'Автостанция'),
(28, 16, 'Березанская'),
(29, 16, 'Ирклиевская'),
(30, 16, 'Октябрьская трасса М4'),
(31, 16, 'Октябрьский'),
(32, 17, 'Архипо-Осиповка пер. Базарный, 1'),
(33, 17, 'Верхний автовокзал'),
(34, 17, 'Кабардинка'),
(35, 17, 'Нижний автовокзал ул. Ленина, 31'),
(36, 17, 'Пшада'),
(37, 17, 'ул. Луначарского, 172'),
(38, 18, 'автопавильон'),
(39, 18, 'Автостанция'),
(40, 19, 'Автостанция'),
(41, 19, 'Пятигорская'),
(42, 19, 'трасса'),
(43, 20, 'Петровский'),
(44, 21, 'ул. Ленинградская'),
(45, 22, 'ул. Крымская, дом 30'),
(46, 23, 'ул. Интернациональная, дом 124'),
(47, 24, 'ул. Коммунистическая, 18'),
(48, 25, 'ул. Ленина, дом 1'),
(49, 26, 'ул. Шоссейная, дом 95'),
(50, 27, 'Автостанция'),
(51, 27, 'Канеловская поворот'),
(52, 27, 'Стародеревянковская'),
(53, 28, 'ул Первомайская, дом 3'),
(54, 29, 'ул. Ерёменко, дом 30'),
(55, 30, 'ул. Фрунзе, дом 1'),
(56, 31, 'ул. Ленина, дом 10'),
(57, 32, 'Алупкинское шоссе, дом 10'),
(58, 33, 'Автокасса'),
(59, 33, 'Автостанция'),
(60, 33, 'Раздольная'),
(61, 34, 'Полтавская'),
(62, 35, 'ул. Тельмана, дом 12'),
(63, 36, '(Центральный автовокзал) Привокзальная пл., д. 5'),
(64, 36, 'Автостанция №2 ул. Гаврилова, д. 1'),
(65, 36, 'гипермаркет «OZ Mall»'),
(66, 36, 'магазин О''кей'),
(67, 36, 'трасса'),
(68, 36, 'ул. Уральская 111/1'),
(69, 36, 'Южный автовокзал ул. Захарова, д. 1'),
(70, 37, 'ул. Таврическая, дом 17'),
(71, 38, 'автовокзал ул. Базарная, 25'),
(72, 38, 'Автокасса'),
(73, 38, 'остановка Автовокзал'),
(74, 38, 'трасса'),
(75, 39, 'Автовокзал'),
(76, 39, 'Новосергиевская'),
(77, 39, 'трасса'),
(78, 40, 'Автостанция'),
(79, 40, 'Нижнебаканская Автостанция'),
(80, 40, 'Нижнебаканская трасса'),
(81, 41, 'дом отдыха'),
(82, 42, 'ул. Ленина, дом 17'),
(83, 43, 'Автостанция'),
(84, 43, 'Воздвиженская'),
(85, 43, 'Михайловская'),
(86, 43, 'Новоалексеевская'),
(87, 43, 'Петропавловская'),
(88, 43, 'Родниковская'),
(89, 43, 'Темиргоевская'),
(90, 44, 'Автостанция'),
(91, 44, 'Кисляковская'),
(92, 44, 'Кисляковския'),
(93, 44, 'Шкуринская'),
(94, 45, 'ул. Халтурина, 18'),
(95, 45, 'Чамлыкская'),
(96, 46, 'Автостанция'),
(97, 46, 'Куликовская'),
(98, 47, 'ул. Привокзальная, дом 1'),
(99, 48, 'ул. Прибрежная'),
(100, 49, 'Черноморский район, с. Межводное, ул. Первомайская'),
(101, 50, 'ул. Сырникова, дом 25 Б'),
(102, 51, 'ул. Лазурный берег, дом 18'),
(103, 52, 'Автостанция'),
(104, 52, 'Госпиталь'),
(105, 52, 'Псебай'),
(106, 52, 'Центральный'),
(107, 52, 'Шедок'),
(108, 52, 'Ярославская'),
(109, 53, 'ул. Победы, дом 4'),
(110, 54, 'ул. Ленина, дом 29'),
(111, 55, 'Автостанция'),
(112, 56, 'ул. Молодежная, дом 2 А'),
(113, 57, 'Автостанция'),
(114, 57, 'Кубанский'),
(115, 58, 'магазин Магнит'),
(116, 58, 'трасса'),
(117, 58, 'ул. Чайковского, 15'),
(118, 59, '40-летия Победы, дом 32'),
(119, 60, 'ул. Крупской'),
(120, 61, 'ул. Ленина'),
(121, 62, 'Автостанция'),
(122, 62, 'Благодарное'),
(123, 63, 'Автокасса Павловская'),
(124, 63, 'Новолеушковская'),
(125, 63, 'Старолеушковская'),
(126, 63, 'ул. Чкалова, 3'),
(127, 64, 'г. Алушта, п.г.т. Партенит'),
(128, 65, 'ул. Хмельницкого, дом 20'),
(129, 66, 'ул. Бабича, дом 37'),
(130, 67, 'Ольгинская'),
(131, 67, 'Приазовская'),
(132, 67, 'ул. Тамаровского, 2'),
(133, 68, 'ул. Октябрьская, дом 18'),
(134, 69, 'ул. Кима, дом 7'),
(135, 70, 'Судакское шоссе'),
(136, 71, 'Садовое'),
(137, 72, 'ул. Симферопольская, 19'),
(138, 73, 'Автостанция Инкерман'),
(139, 73, 'площадь Захарова (Автостанция «Северная»)'),
(140, 73, 'ул. Вокзальная, дом 11'),
(141, 74, 'ул. Советская, дом 15'),
(142, 75, 'ул Самохвалова, дом 4 (Автостанция-3 «Восточная»)'),
(143, 75, 'ул. Гагарина, 8 («Курортная», ж/д вокзал)'),
(144, 75, 'ул. Киевская, 4 (Автовокзал Центральный)'),
(145, 75, 'ул. Севастопольская, дом 243 (Автостанция-4 «Западная»)'),
(146, 76, 'Анастасиевская'),
(147, 76, 'Коржевский трасса'),
(148, 76, 'Славянск-на-Кубани'),
(149, 76, 'Троицкая'),
(150, 77, 'ул. Матросова, дом 13'),
(151, 78, 'автовокзал'),
(152, 78, 'Адлер АВ'),
(153, 78, 'Адлер, ж/д вокзал'),
(154, 78, 'Адлер, Казачий рынок'),
(155, 78, 'Аше ул. МИРА 49'),
(156, 78, 'Веселое, Казачий рынок'),
(157, 78, 'Веселое, микрорайон Совхоз «Россия»'),
(158, 78, 'Дагомыс Автостанция'),
(159, 78, 'Дагомыс трасса'),
(160, 78, 'ж/д вокзал'),
(161, 78, 'Лазаревское Автостанция'),
(162, 78, 'Лазаревское Вардане'),
(163, 78, 'Лоо Автостанция'),
(164, 78, 'Лоо ж/д вокзал'),
(165, 78, 'Псоу'),
(166, 78, 'Якорная щель кафе «Анжелика»'),
(167, 79, 'автовокзал'),
(168, 80, 'автовокзал'),
(169, 81, 'ул. Чапаева, дом 30'),
(170, 82, 'ул. Гвардейская, дом 32'),
(171, 83, 'Автостанция'),
(172, 84, 'автовокзал'),
(173, 84, 'Порт-Кавказ п. Чушка'),
(174, 84, 'Приморский поворот'),
(175, 84, 'Сенной'),
(176, 84, 'Старотитаровская'),
(177, 84, 'Стрелка'),
(178, 84, 'Фанталовская'),
(179, 85, 'Автостанция'),
(180, 86, 'автовокзал'),
(181, 86, 'Автокасса'),
(182, 86, 'гипермаркет "Магнит"'),
(183, 86, 'Терновская'),
(184, 86, 'трасса'),
(185, 87, '"Жемчужина"'),
(186, 87, '"Заря" ("Кинопрокат")'),
(187, 87, '"Южная горка"'),
(188, 87, '1-е Мая'),
(189, 87, 'Агой аэропорт'),
(190, 87, 'Агой поселок'),
(191, 87, 'Агрия санаторий'),
(192, 87, 'Агуй-Шапсуг'),
(193, 87, 'База отдыха Солнышко'),
(194, 87, 'Большое Псеушхо'),
(195, 87, 'Георгиевское'),
(196, 87, 'Гойтх Автостанция'),
(197, 87, 'Гойтх ж/д станция'),
(198, 87, 'Греческий'),
(199, 87, 'Гунайка'),
(200, 87, 'Дефановка'),
(201, 87, 'Джубга Автостанция'),
(202, 87, 'Джубга трасса'),
(203, 87, 'Индюк ж/д станция'),
(204, 87, 'Индюк поселок'),
(205, 87, 'Индюк хутор'),
(206, 87, 'Кирпичное'),
(207, 87, 'Красное'),
(208, 87, 'Кривенковское автовокзал'),
(209, 87, 'Кривенковское центр'),
(210, 87, 'Лермонтово'),
(211, 87, 'Малое Псеушхо'),
(212, 87, 'Мессажай'),
(213, 87, 'Молдовановка'),
(214, 87, 'Небуг Автостанция'),
(215, 87, 'Небуг аквапарк'),
(216, 87, 'Небуг село'),
(217, 87, 'Ольгинка'),
(218, 87, 'Ольгинка магазин «Лагуна»'),
(219, 87, 'Пляхо поворот'),
(220, 87, 'пожарная часть'),
(221, 87, 'Псебе'),
(222, 87, 'Пшиш ж/д станция'),
(223, 87, 'Пшиш развилка'),
(224, 87, 'Пшиш УЗК'),
(225, 87, 'Сосновый'),
(226, 87, 'Тенгинка'),
(227, 87, 'Терзиян'),
(228, 87, 'ул. Маршала Жукова, 6'),
(229, 87, 'Цыпка'),
(230, 87, 'Шаумян'),
(231, 87, 'Шепси'),
(232, 87, 'Шепси автопавильон'),
(233, 87, 'Южный'),
(234, 88, 'Курчанская'),
(235, 88, 'поворот'),
(236, 88, 'урчанская трасса'),
(237, 89, 'Кирпильская'),
(238, 89, 'комплекс "Апельсин"'),
(239, 89, 'Новолабинская'),
(240, 89, 'Тенгинская'),
(241, 89, 'ул. Октябрьская, 118'),
(242, 90, 'ул. Энгельса, дом 28'),
(243, 91, 'ул. Космонавтов'),
(244, 92, 'ул. Агафонова, дом 34 А'),
(245, 93, 'Чушка'),
(246, 94, 'ул. Ленина, дом 13'),
(247, 95, 'Щелкино'),
(248, 96, 'ул. Московская, дом 8');

-- --------------------------------------------------------

--
-- Структура таблицы `type_paper`
--

CREATE TABLE IF NOT EXISTS `type_paper` (
  `id_type_paper` int(10) NOT NULL,
  `type_paper` varchar(50) NOT NULL,
  `name_paper_texture` varchar(64) NOT NULL,
  `name_paper_weight` varchar(64) NOT NULL
) ENGINE=InnoDB AUTO_INCREMENT=99 DEFAULT CHARSET=utf8;

--
-- Дамп данных таблицы `type_paper`
--

INSERT INTO `type_paper` (`id_type_paper`, `type_paper`, `name_paper_texture`, `name_paper_weight`) VALUES
(1, 'Картон', 'Односторонний', '180'),
(2, 'Картон', 'Односторонний', '200'),
(3, 'Картон', 'Односторонний', '210'),
(4, 'Картон', 'Односторонний', '230'),
(5, 'Картон', 'Односторонний', '240'),
(6, 'Картон', 'Односторонний', '250'),
(7, 'Картон', 'Односторонний', '260'),
(8, 'Картон', 'Односторонний', '270'),
(9, 'Картон', 'Односторонний', '290'),
(10, 'Картон', 'Двухсторонний', '180'),
(11, 'Картон', 'Двухсторонний', '200'),
(12, 'Картон', 'Двухсторонний', '210'),
(13, 'Картон', 'Двухсторонний', '230'),
(14, 'Картон', 'Двухсторонний', '240'),
(15, 'Картон', 'Двухсторонний', '250'),
(16, 'Картон', 'Двухсторонний', '260'),
(17, 'Картон', 'Двухсторонний', '270'),
(18, 'Картон', 'Двухсторонний', '290'),
(19, 'Картон', 'Двухсторонний', '300'),
(20, 'Картон', 'Макулатурный', '230'),
(21, 'Картон', 'Макулатурный', '250'),
(22, 'Картон', 'Макулатурный', '280'),
(23, 'Картон', 'Макулатурный', '300'),
(24, 'Картон', 'Макулатурный', '400'),
(25, 'Мелованная', 'Глянцевая', '80'),
(26, 'Мелованная', 'Глянцевая', '90'),
(27, 'Мелованная', 'Глянцевая', '104'),
(28, 'Мелованная', 'Глянцевая', '115'),
(29, 'Мелованная', 'Глянцевая', '130'),
(30, 'Мелованная', 'Глянцевая', '150'),
(31, 'Мелованная', 'Глянцевая', '170'),
(32, 'Мелованная', 'Глянцевая', '180'),
(33, 'Мелованная', 'Глянцевая', '200'),
(34, 'Мелованная', 'Глянцевая', '250'),
(35, 'Мелованная', 'Глянцевая', '300'),
(36, 'Мелованная', 'Матовая', '80'),
(37, 'Мелованная', 'Матовая', '90'),
(38, 'Мелованная', 'Матовая', '104'),
(39, 'Мелованная', 'Матовая', '115'),
(40, 'Мелованная', 'Матовая', '130'),
(41, 'Мелованная', 'Матовая', '150'),
(42, 'Мелованная', 'Матовая', '170'),
(43, 'Мелованная', 'Матовая', '180'),
(44, 'Мелованная', 'Матовая', '200'),
(45, 'Мелованная', 'Матовая', '250'),
(46, 'Мелованная', 'Матовая', '300'),
(47, 'Офсетная', 'Офсетная', '70'),
(48, 'Офсетная', 'Офсетная', '75'),
(49, 'Офсетная', 'Офсетная', '80'),
(50, 'Офсетная', 'Офсетная', '90'),
(51, 'Офсетная', 'Офсетная', '100'),
(52, 'Офсетная', 'Офсетная', '120'),
(53, 'Офсетная', 'Офсетная', '160'),
(54, 'Самоклейка', 'Бумага', '80'),
(55, 'Этикеточная', 'Глянцевая', '70'),
(56, 'Этикеточная', 'Глянцевая', '80'),
(57, 'Мелованная', 'Глянцевая', '90'),
(58, 'Мелованная', 'Глянцевая', '104'),
(59, 'Мелованная', 'Глянцевая', '115'),
(60, 'Мелованная', 'Глянцевая', '130'),
(61, 'Мелованная', 'Глянцевая', '150'),
(62, 'Мелованная', 'Глянцевая', '170'),
(63, 'Мелованная', 'Глянцевая', '180'),
(64, 'Мелованная', 'Глянцевая', '200'),
(65, 'Мелованная', 'Глянцевая', '250'),
(66, 'Мелованная', 'Глянцевая', '300'),
(67, 'Мелованная', 'Глянцевая', '350'),
(68, 'Мелованная', 'Матовая', '90'),
(69, 'Мелованная', 'Матовая', '104'),
(70, 'Мелованная', 'Матовая', '115'),
(71, 'Мелованная', 'Матовая', '130'),
(72, 'Мелованная', 'Матовая', '150'),
(73, 'Мелованная', 'Матовая', '170'),
(74, 'Мелованная', 'Матовая', '180'),
(75, 'Мелованная', 'Матовая', '200'),
(76, 'Мелованная', 'Матовая', '250'),
(77, 'Мелованная', 'Матовая', '300'),
(78, 'Мелованная', 'Матовая', '350'),
(79, 'Офсетная', 'Офсетная', '80'),
(80, 'Самоклейка', 'Бумага', '80'),
(81, 'Самоклейка', 'Плёнка матовая', '115'),
(82, 'Самоклейка', 'Плёнка прозрачная', '56'),
(83, 'Дизайнерская', 'Лён кремовый', '270'),
(84, 'Дизайнерская', 'Лён белый', '300'),
(85, 'Дизайнерская', 'Лён слоновая кость', '300'),
(86, 'Дизайнерская', 'Touche Cover белый', '301'),
(87, 'Дизайнерская', 'Touche Cover слоновая кость', '301'),
(88, 'Дизайнерская', 'Elation белый', '240'),
(89, 'Дизайнерская', 'Elation слоновая кость', '240'),
(90, 'Дизайнерская', 'Majestic волшебная свеча', '290'),
(91, 'Дизайнерская', 'Majestic белый мрамор', '290'),
(92, 'Картон', 'Односторонний', '300'),
(93, 'Картон', 'Односторонний', '350'),
(94, 'Картон', 'Двухсторонний', '350'),
(95, 'Картон', 'Односторонний', '130'),
(96, 'Картон', 'Двухсторонний', '130'),
(97, 'Картон', 'Односторонний', '150'),
(98, 'Картон', 'Двухсторонний', '150');

-- --------------------------------------------------------

--
-- Структура таблицы `user`
--

CREATE TABLE IF NOT EXISTS `user` (
  `id_user` int(10) NOT NULL,
  `email_user` varchar(60) NOT NULL,
  `password_user` varchar(32) NOT NULL,
  `name_user` varchar(30) NOT NULL,
  `lastname_user` varchar(40) NOT NULL,
  `login` varchar(100) DEFAULT NULL
) ENGINE=InnoDB AUTO_INCREMENT=27 DEFAULT CHARSET=utf8;

--
-- Дамп данных таблицы `user`
--

INSERT INTO `user` (`id_user`, `email_user`, `password_user`, `name_user`, `lastname_user`, `login`) VALUES
(25, 'ivansmirnov@yandex.ru', '957b9c7d5f8c28fd7bd105e3d813b60f', 'Иван', 'Смирнов', 'ivansmirnov@yandex.ru'),
(26, 'kik@kik.kik', '34ab7be84f5dc10ce5c99ce798d4d250', 'kik', 'kik', 'kik');

--
-- Индексы сохранённых таблиц
--

--
-- Индексы таблицы `admin`
--
ALTER TABLE `admin`
  ADD PRIMARY KEY (`id_admin`);

--
-- Индексы таблицы `array_creasing`
--
ALTER TABLE `array_creasing`
  ADD PRIMARY KEY (`id_array_creasing`),
  ADD KEY `id_creasing_array_creasing` (`id_creasing_array_creasing`),
  ADD KEY `id_item_type_array_creasing` (`id_item_type_array_creasing`);

--
-- Индексы таблицы `array_dop_rez`
--
ALTER TABLE `array_dop_rez`
  ADD PRIMARY KEY (`id_array_dop_rez`),
  ADD KEY `id_dop_rez_array_dop_rez` (`id_dop_rez_array_dop_rez`),
  ADD KEY `id_item_type_array_dop_rez` (`id_item_type_array_dop_rez`),
  ADD KEY `id_dop_rez_array_dop_rez_2` (`id_dop_rez_array_dop_rez`),
  ADD KEY `id_item_type_array_dop_rez_2` (`id_item_type_array_dop_rez`);

--
-- Индексы таблицы `array_folding`
--
ALTER TABLE `array_folding`
  ADD PRIMARY KEY (`id_array_folding`),
  ADD KEY `id_folding_array_folding` (`id_folding_array_folding`),
  ADD KEY `id_item_type_array_folding` (`id_item_type_array_folding`);

--
-- Индексы таблицы `array_hole`
--
ALTER TABLE `array_hole`
  ADD PRIMARY KEY (`id_array_hole`),
  ADD KEY `id_hole_array_hole` (`id_hole_array_hole`),
  ADD KEY `id_item_type_array_hole` (`id_item_type_array_hole`);

--
-- Индексы таблицы `array_numbering`
--
ALTER TABLE `array_numbering`
  ADD PRIMARY KEY (`id_array_numbering`),
  ADD KEY `id_numbering_array_numbering` (`id_numbering_array_numbering`),
  ADD KEY `id_item_type_array_numbering` (`id_item_type_array_numbering`),
  ADD KEY `id_numbering_array_numbering_2` (`id_numbering_array_numbering`),
  ADD KEY `id_item_type_array_numbering_2` (`id_item_type_array_numbering`);

--
-- Индексы таблицы `array_perforation`
--
ALTER TABLE `array_perforation`
  ADD PRIMARY KEY (`id_array_perforation`),
  ADD KEY `id_perforation_array_perforation` (`id_perforation_array_perforation`),
  ADD KEY `id_item_type_array_perforation` (`id_item_type_array_perforation`);

--
-- Индексы таблицы `chat`
--
ALTER TABLE `chat`
  ADD PRIMARY KEY (`id_chat`),
  ADD KEY `id_member_1` (`id_member_1`),
  ADD KEY `id_member_2` (`id_member_2`);

--
-- Индексы таблицы `circulation`
--
ALTER TABLE `circulation`
  ADD PRIMARY KEY (`id_circulation`);

--
-- Индексы таблицы `city_f_p`
--
ALTER TABLE `city_f_p`
  ADD PRIMARY KEY (`id_city_f_p`);

--
-- Индексы таблицы `city_r_b`
--
ALTER TABLE `city_r_b`
  ADD PRIMARY KEY (`id_city_r_b`);

--
-- Индексы таблицы `client`
--
ALTER TABLE `client`
  ADD PRIMARY KEY (`id_client`);

--
-- Индексы таблицы `colorfulness`
--
ALTER TABLE `colorfulness`
  ADD PRIMARY KEY (`id_colorfulness`);

--
-- Индексы таблицы `cost`
--
ALTER TABLE `cost`
  ADD PRIMARY KEY (`id_cost`);

--
-- Индексы таблицы `creasing`
--
ALTER TABLE `creasing`
  ADD PRIMARY KEY (`id_creasing`);

--
-- Индексы таблицы `discount`
--
ALTER TABLE `discount`
  ADD PRIMARY KEY (`id_discount`);

--
-- Индексы таблицы `dop_rez`
--
ALTER TABLE `dop_rez`
  ADD PRIMARY KEY (`id_dop_rez`);

--
-- Индексы таблицы `folding`
--
ALTER TABLE `folding`
  ADD PRIMARY KEY (`id_folding`);

--
-- Индексы таблицы `history_pay`
--
ALTER TABLE `history_pay`
  ADD PRIMARY KEY (`id_pay`);

--
-- Индексы таблицы `history_shopping`
--
ALTER TABLE `history_shopping`
  ADD PRIMARY KEY (`id_history_shopping`),
  ADD KEY `id_client_history_shopping` (`id_client_h_s`),
  ADD KEY `id_folding_history_shopping` (`folding_h_s`),
  ADD KEY `id_creasing_history_shopping` (`creasing_h_s`),
  ADD KEY `id_dop_rez_history_shopping` (`dop_rez_h_s`),
  ADD KEY `id_hole_history_shopping` (`hole_h_s`),
  ADD KEY `id_numbering_history_shopping` (`numbering_h_s`),
  ADD KEY `id_perforation_history_shopping` (`perforation_h_s`),
  ADD KEY `id_item_type_history_shopping` (`id_item_type_h_s`);

--
-- Индексы таблицы `hole`
--
ALTER TABLE `hole`
  ADD PRIMARY KEY (`id_hole`),
  ADD KEY `name_hole` (`name_hole`);

--
-- Индексы таблицы `item`
--
ALTER TABLE `item`
  ADD PRIMARY KEY (`id_item`);

--
-- Индексы таблицы `item_type`
--
ALTER TABLE `item_type`
  ADD PRIMARY KEY (`id_item_type`),
  ADD KEY `id_paper_type` (`id_paper_type`),
  ADD KEY `id_colorfulness_item_type` (`id_colorfulness_item_type`),
  ADD KEY `id_item_item_type` (`id_item_item_type`),
  ADD KEY `id_size_type` (`id_size_type`),
  ADD KEY `id_print_type` (`id_print_type`),
  ADD KEY `id_item_item_type_2` (`id_item_item_type`,`id_size_type`,`id_paper_type`,`id_print_type`),
  ADD KEY `id_lamination_type` (`id_lamination_type`);

--
-- Индексы таблицы `lamination`
--
ALTER TABLE `lamination`
  ADD PRIMARY KEY (`id_lamination`);

--
-- Индексы таблицы `manager`
--
ALTER TABLE `manager`
  ADD PRIMARY KEY (`id_manager`);

--
-- Индексы таблицы `message`
--
ALTER TABLE `message`
  ADD PRIMARY KEY (`id_message`),
  ADD KEY `id_chat` (`id_chat`),
  ADD KEY `from_whom` (`from_whom`);

--
-- Индексы таблицы `numbering`
--
ALTER TABLE `numbering`
  ADD PRIMARY KEY (`id_numbering`);

--
-- Индексы таблицы `perforation`
--
ALTER TABLE `perforation`
  ADD PRIMARY KEY (`id_perforation`),
  ADD KEY `name_perforation` (`name_perforation`);

--
-- Индексы таблицы `prices`
--
ALTER TABLE `prices`
  ADD PRIMARY KEY (`id_prices`),
  ADD KEY `id_circulation` (`id_circulation_prices`),
  ADD KEY `id_prices` (`id_prices`),
  ADD KEY `id_cost` (`id_cost`),
  ADD KEY `id_item_type_prices` (`id_item_type_prices`);

--
-- Индексы таблицы `print`
--
ALTER TABLE `print`
  ADD PRIMARY KEY (`id_print`);

--
-- Индексы таблицы `size`
--
ALTER TABLE `size`
  ADD PRIMARY KEY (`id_size`);

--
-- Индексы таблицы `street_f_p`
--
ALTER TABLE `street_f_p`
  ADD PRIMARY KEY (`id_street_f_p`),
  ADD KEY `id_city_s_f_p` (`id_city_s_f_p`);

--
-- Индексы таблицы `street_r_b`
--
ALTER TABLE `street_r_b`
  ADD PRIMARY KEY (`id_street_r_b`),
  ADD KEY `id_city_r_b` (`id_city_r_b`);

--
-- Индексы таблицы `type_paper`
--
ALTER TABLE `type_paper`
  ADD PRIMARY KEY (`id_type_paper`);

--
-- Индексы таблицы `user`
--
ALTER TABLE `user`
  ADD PRIMARY KEY (`id_user`),
  ADD UNIQUE KEY `email_user` (`email_user`),
  ADD UNIQUE KEY `login_2` (`login`),
  ADD KEY `login` (`login`);

--
-- AUTO_INCREMENT для сохранённых таблиц
--

--
-- AUTO_INCREMENT для таблицы `admin`
--
ALTER TABLE `admin`
  MODIFY `id_admin` int(10) NOT NULL AUTO_INCREMENT;
--
-- AUTO_INCREMENT для таблицы `chat`
--
ALTER TABLE `chat`
  MODIFY `id_chat` int(11) NOT NULL AUTO_INCREMENT,AUTO_INCREMENT=95;
--
-- AUTO_INCREMENT для таблицы `circulation`
--
ALTER TABLE `circulation`
  MODIFY `id_circulation` int(10) NOT NULL AUTO_INCREMENT,AUTO_INCREMENT=46;
--
-- AUTO_INCREMENT для таблицы `client`
--
ALTER TABLE `client`
  MODIFY `id_client` int(10) NOT NULL AUTO_INCREMENT,AUTO_INCREMENT=27;
--
-- AUTO_INCREMENT для таблицы `cost`
--
ALTER TABLE `cost`
  MODIFY `id_cost` int(10) NOT NULL AUTO_INCREMENT,AUTO_INCREMENT=277;
--
-- AUTO_INCREMENT для таблицы `history_shopping`
--
ALTER TABLE `history_shopping`
  MODIFY `id_history_shopping` int(10) NOT NULL AUTO_INCREMENT,AUTO_INCREMENT=51;
--
-- AUTO_INCREMENT для таблицы `item`
--
ALTER TABLE `item`
  MODIFY `id_item` int(10) NOT NULL AUTO_INCREMENT,AUTO_INCREMENT=22;
--
-- AUTO_INCREMENT для таблицы `item_type`
--
ALTER TABLE `item_type`
  MODIFY `id_item_type` int(10) NOT NULL AUTO_INCREMENT,AUTO_INCREMENT=64;
--
-- AUTO_INCREMENT для таблицы `manager`
--
ALTER TABLE `manager`
  MODIFY `id_manager` int(10) NOT NULL AUTO_INCREMENT,AUTO_INCREMENT=2;
--
-- AUTO_INCREMENT для таблицы `message`
--
ALTER TABLE `message`
  MODIFY `id_message` int(11) NOT NULL AUTO_INCREMENT,AUTO_INCREMENT=53;
--
-- AUTO_INCREMENT для таблицы `prices`
--
ALTER TABLE `prices`
  MODIFY `id_prices` int(10) NOT NULL AUTO_INCREMENT,AUTO_INCREMENT=305;
--
-- AUTO_INCREMENT для таблицы `print`
--
ALTER TABLE `print`
  MODIFY `id_print` int(10) NOT NULL AUTO_INCREMENT,AUTO_INCREMENT=6;
--
-- AUTO_INCREMENT для таблицы `size`
--
ALTER TABLE `size`
  MODIFY `id_size` int(10) NOT NULL AUTO_INCREMENT,AUTO_INCREMENT=22;
--
-- AUTO_INCREMENT для таблицы `type_paper`
--
ALTER TABLE `type_paper`
  MODIFY `id_type_paper` int(10) NOT NULL AUTO_INCREMENT,AUTO_INCREMENT=99;
--
-- AUTO_INCREMENT для таблицы `user`
--
ALTER TABLE `user`
  MODIFY `id_user` int(10) NOT NULL AUTO_INCREMENT,AUTO_INCREMENT=27;
--
-- Ограничения внешнего ключа сохраненных таблиц
--

--
-- Ограничения внешнего ключа таблицы `admin`
--
ALTER TABLE `admin`
  ADD CONSTRAINT `admin_ibfk_1` FOREIGN KEY (`id_admin`) REFERENCES `user` (`id_user`);

--
-- Ограничения внешнего ключа таблицы `array_creasing`
--
ALTER TABLE `array_creasing`
  ADD CONSTRAINT `array_creasing_ibfk_1` FOREIGN KEY (`id_creasing_array_creasing`) REFERENCES `creasing` (`id_creasing`),
  ADD CONSTRAINT `array_creasing_ibfk_2` FOREIGN KEY (`id_item_type_array_creasing`) REFERENCES `item_type` (`id_item_type`);

--
-- Ограничения внешнего ключа таблицы `array_dop_rez`
--
ALTER TABLE `array_dop_rez`
  ADD CONSTRAINT `array_dop_rez_ibfk_1` FOREIGN KEY (`id_dop_rez_array_dop_rez`) REFERENCES `dop_rez` (`id_dop_rez`),
  ADD CONSTRAINT `array_dop_rez_ibfk_2` FOREIGN KEY (`id_item_type_array_dop_rez`) REFERENCES `item_type` (`id_item_type`);

--
-- Ограничения внешнего ключа таблицы `array_folding`
--
ALTER TABLE `array_folding`
  ADD CONSTRAINT `array_folding_ibfk_1` FOREIGN KEY (`id_folding_array_folding`) REFERENCES `folding` (`id_folding`),
  ADD CONSTRAINT `array_folding_ibfk_2` FOREIGN KEY (`id_item_type_array_folding`) REFERENCES `item_type` (`id_item_type`);

--
-- Ограничения внешнего ключа таблицы `array_hole`
--
ALTER TABLE `array_hole`
  ADD CONSTRAINT `array_hole_ibfk_1` FOREIGN KEY (`id_item_type_array_hole`) REFERENCES `item_type` (`id_item_type`),
  ADD CONSTRAINT `array_hole_ibfk_2` FOREIGN KEY (`id_hole_array_hole`) REFERENCES `hole` (`id_hole`);

--
-- Ограничения внешнего ключа таблицы `array_numbering`
--
ALTER TABLE `array_numbering`
  ADD CONSTRAINT `array_numbering_ibfk_1` FOREIGN KEY (`id_numbering_array_numbering`) REFERENCES `numbering` (`id_numbering`),
  ADD CONSTRAINT `array_numbering_ibfk_2` FOREIGN KEY (`id_item_type_array_numbering`) REFERENCES `item_type` (`id_item_type`);

--
-- Ограничения внешнего ключа таблицы `array_perforation`
--
ALTER TABLE `array_perforation`
  ADD CONSTRAINT `array_perforation_ibfk_1` FOREIGN KEY (`id_perforation_array_perforation`) REFERENCES `perforation` (`id_perforation`),
  ADD CONSTRAINT `array_perforation_ibfk_2` FOREIGN KEY (`id_item_type_array_perforation`) REFERENCES `item_type` (`id_item_type`);

--
-- Ограничения внешнего ключа таблицы `chat`
--
ALTER TABLE `chat`
  ADD CONSTRAINT `chat_ibfk_1` FOREIGN KEY (`id_member_1`) REFERENCES `user` (`id_user`),
  ADD CONSTRAINT `chat_ibfk_2` FOREIGN KEY (`id_member_2`) REFERENCES `user` (`id_user`);

--
-- Ограничения внешнего ключа таблицы `client`
--
ALTER TABLE `client`
  ADD CONSTRAINT `client_ibfk_1` FOREIGN KEY (`id_client`) REFERENCES `user` (`id_user`);

--
-- Ограничения внешнего ключа таблицы `discount`
--
ALTER TABLE `discount`
  ADD CONSTRAINT `discount_ibfk_1` FOREIGN KEY (`id_discount`) REFERENCES `client` (`id_client`);

--
-- Ограничения внешнего ключа таблицы `item_type`
--
ALTER TABLE `item_type`
  ADD CONSTRAINT `item_type_ibfk_10` FOREIGN KEY (`id_lamination_type`) REFERENCES `lamination` (`id_lamination`),
  ADD CONSTRAINT `item_type_ibfk_5` FOREIGN KEY (`id_colorfulness_item_type`) REFERENCES `colorfulness` (`id_colorfulness`),
  ADD CONSTRAINT `item_type_ibfk_6` FOREIGN KEY (`id_paper_type`) REFERENCES `type_paper` (`id_type_paper`),
  ADD CONSTRAINT `item_type_ibfk_7` FOREIGN KEY (`id_print_type`) REFERENCES `print` (`id_print`),
  ADD CONSTRAINT `item_type_ibfk_8` FOREIGN KEY (`id_size_type`) REFERENCES `size` (`id_size`),
  ADD CONSTRAINT `item_type_ibfk_9` FOREIGN KEY (`id_item_item_type`) REFERENCES `item` (`id_item`);

--
-- Ограничения внешнего ключа таблицы `message`
--
ALTER TABLE `message`
  ADD CONSTRAINT `message_ibfk_1` FOREIGN KEY (`id_chat`) REFERENCES `chat` (`id_chat`),
  ADD CONSTRAINT `message_ibfk_2` FOREIGN KEY (`from_whom`) REFERENCES `user` (`id_user`);

--
-- Ограничения внешнего ключа таблицы `prices`
--
ALTER TABLE `prices`
  ADD CONSTRAINT `prices_ibfk_1` FOREIGN KEY (`id_circulation_prices`) REFERENCES `circulation` (`id_circulation`),
  ADD CONSTRAINT `prices_ibfk_3` FOREIGN KEY (`id_cost`) REFERENCES `cost` (`id_cost`),
  ADD CONSTRAINT `prices_ibfk_4` FOREIGN KEY (`id_item_type_prices`) REFERENCES `item_type` (`id_item_type`);

--
-- Ограничения внешнего ключа таблицы `street_f_p`
--
ALTER TABLE `street_f_p`
  ADD CONSTRAINT `street_f_p_ibfk_1` FOREIGN KEY (`id_city_s_f_p`) REFERENCES `city_f_p` (`id_city_f_p`);

--
-- Ограничения внешнего ключа таблицы `street_r_b`
--
ALTER TABLE `street_r_b`
  ADD CONSTRAINT `street_r_b_ibfk_1` FOREIGN KEY (`id_city_r_b`) REFERENCES `city_r_b` (`id_city_r_b`);

/*!40101 SET CHARACTER_SET_CLIENT=@OLD_CHARACTER_SET_CLIENT */;
/*!40101 SET CHARACTER_SET_RESULTS=@OLD_CHARACTER_SET_RESULTS */;
/*!40101 SET COLLATION_CONNECTION=@OLD_COLLATION_CONNECTION */;
