-- phpMyAdmin SQL Dump
-- version 4.4.15.7
-- http://www.phpmyadmin.net
--
-- Хост: 127.0.0.1:3306
-- Время создания: Авг 18 2016 г., 14:12
-- Версия сервера: 5.5.50
-- Версия PHP: 5.3.29

SET SQL_MODE = "NO_AUTO_VALUE_ON_ZERO";
SET time_zone = "+00:00";


/*!40101 SET @OLD_CHARACTER_SET_CLIENT=@@CHARACTER_SET_CLIENT */;
/*!40101 SET @OLD_CHARACTER_SET_RESULTS=@@CHARACTER_SET_RESULTS */;
/*!40101 SET @OLD_COLLATION_CONNECTION=@@COLLATION_CONNECTION */;
/*!40101 SET NAMES utf8mb4 */;

--
-- База данных: `asprint_sborka`
--

-- --------------------------------------------------------

--
-- Структура таблицы `admin`
--

CREATE TABLE IF NOT EXISTS `admin` (
  `id_admin` int(10) NOT NULL
) ENGINE=InnoDB DEFAULT CHARSET=utf8;

-- --------------------------------------------------------

--
-- Структура таблицы `array_chat_msg`
--

CREATE TABLE IF NOT EXISTS `array_chat_msg` (
  `id_array_chat_msg` int(10) NOT NULL,
  `id_chat` int(10) NOT NULL,
  `id_message` int(10) NOT NULL
) ENGINE=InnoDB DEFAULT CHARSET=utf8;

-- --------------------------------------------------------

--
-- Структура таблицы `array_creasing`
--

CREATE TABLE IF NOT EXISTS `array_creasing` (
  `id_array_creasing` int(10) NOT NULL,
  `id_creasing_array_creasing` int(10) NOT NULL,
  `id_item_type_array_creasing` int(10) NOT NULL
) ENGINE=InnoDB DEFAULT CHARSET=utf8;

--
-- Дамп данных таблицы `array_creasing`
--

INSERT INTO `array_creasing` (`id_array_creasing`, `id_creasing_array_creasing`, `id_item_type_array_creasing`) VALUES
(1, 1, 1),
(2, 2, 1),
(3, 3, 1),
(4, 4, 1),
(5, 1, 2),
(6, 2, 2),
(7, 3, 2),
(8, 4, 2),
(9, 1, 3),
(10, 2, 3),
(11, 3, 3),
(12, 4, 3),
(13, 1, 4),
(14, 2, 4),
(15, 3, 4),
(16, 4, 4);

-- --------------------------------------------------------

--
-- Структура таблицы `array_dop_rez`
--

CREATE TABLE IF NOT EXISTS `array_dop_rez` (
  `id_array_dop_rez` int(10) NOT NULL,
  `id_dop_rez_array_dop_rez` int(10) NOT NULL,
  `id_item_type_array_dop_rez` int(10) NOT NULL
) ENGINE=InnoDB DEFAULT CHARSET=utf8;

--
-- Дамп данных таблицы `array_dop_rez`
--

INSERT INTO `array_dop_rez` (`id_array_dop_rez`, `id_dop_rez_array_dop_rez`, `id_item_type_array_dop_rez`) VALUES
(1, 1, 1),
(2, 2, 1),
(3, 3, 1),
(4, 4, 1),
(5, 5, 1),
(6, 6, 1),
(7, 7, 1),
(8, 8, 1),
(9, 9, 1),
(10, 10, 1),
(11, 11, 1),
(12, 12, 1),
(13, 13, 1),
(14, 14, 1),
(15, 15, 1),
(16, 16, 1),
(17, 17, 1),
(18, 18, 1),
(19, 19, 1),
(20, 20, 1),
(21, 21, 1),
(22, 1, 2),
(23, 2, 2),
(24, 3, 2),
(25, 4, 2),
(26, 5, 2),
(27, 6, 2),
(28, 7, 2),
(29, 8, 2),
(30, 9, 2),
(31, 10, 2),
(32, 11, 2),
(33, 12, 2),
(34, 13, 2),
(35, 14, 2),
(36, 15, 2),
(37, 16, 2),
(38, 17, 2),
(39, 18, 2),
(40, 19, 2),
(41, 20, 2),
(42, 21, 2),
(43, 1, 3),
(44, 2, 3),
(45, 3, 3),
(46, 4, 3),
(47, 5, 3),
(48, 6, 3),
(49, 7, 3),
(50, 8, 3),
(51, 9, 3),
(52, 10, 3),
(53, 11, 3),
(54, 12, 3),
(55, 13, 3),
(56, 14, 3),
(57, 15, 3),
(58, 16, 3),
(59, 17, 3),
(60, 18, 3),
(61, 19, 3),
(62, 20, 3),
(63, 21, 3),
(64, 1, 4),
(65, 2, 4),
(66, 3, 4),
(67, 4, 4),
(68, 5, 4),
(69, 6, 4),
(70, 7, 4),
(71, 8, 4),
(72, 9, 4),
(73, 10, 4),
(74, 11, 4),
(75, 12, 4),
(76, 13, 4),
(77, 14, 4),
(78, 15, 4),
(79, 16, 4),
(80, 17, 4),
(81, 18, 4),
(82, 19, 4),
(83, 20, 4),
(84, 21, 4);

-- --------------------------------------------------------

--
-- Структура таблицы `array_folding`
--

CREATE TABLE IF NOT EXISTS `array_folding` (
  `id_array_folding` int(10) NOT NULL,
  `id_folding_array_folding` int(10) NOT NULL,
  `id_item_type_array_folding` int(10) NOT NULL
) ENGINE=InnoDB DEFAULT CHARSET=utf8;

-- --------------------------------------------------------

--
-- Структура таблицы `array_hole`
--

CREATE TABLE IF NOT EXISTS `array_hole` (
  `id_array_hole` int(10) NOT NULL,
  `id_hole_array_hole` int(10) NOT NULL,
  `id_item_type_array_hole` int(10) NOT NULL
) ENGINE=InnoDB DEFAULT CHARSET=utf8;

--
-- Дамп данных таблицы `array_hole`
--

INSERT INTO `array_hole` (`id_array_hole`, `id_hole_array_hole`, `id_item_type_array_hole`) VALUES
(1, 1, 1),
(2, 2, 1),
(3, 3, 1),
(4, 1, 2),
(5, 2, 2),
(6, 3, 2),
(7, 1, 3),
(8, 2, 3),
(9, 3, 3),
(10, 1, 4),
(11, 2, 4),
(12, 3, 4);

-- --------------------------------------------------------

--
-- Структура таблицы `array_numbering`
--

CREATE TABLE IF NOT EXISTS `array_numbering` (
  `id_array_numbering` int(10) NOT NULL,
  `id_numbering_array_numbering` int(10) NOT NULL,
  `id_item_type_array_numbering` int(10) NOT NULL
) ENGINE=InnoDB DEFAULT CHARSET=utf8;

-- --------------------------------------------------------

--
-- Структура таблицы `array_perforation`
--

CREATE TABLE IF NOT EXISTS `array_perforation` (
  `id_array_perforation` int(10) NOT NULL,
  `id_perforation_array_perforation` int(10) NOT NULL,
  `id_item_type_array_perforation` int(10) NOT NULL
) ENGINE=InnoDB DEFAULT CHARSET=utf8;

-- --------------------------------------------------------

--
-- Структура таблицы `chat`
--

CREATE TABLE IF NOT EXISTS `chat` (
  `id_chat` int(10) NOT NULL,
  `id_client` int(10) NOT NULL,
  `theme_chat` varchar(100) NOT NULL,
  `time_create` datetime NOT NULL
) ENGINE=InnoDB DEFAULT CHARSET=utf8;

-- --------------------------------------------------------

--
-- Структура таблицы `circulation`
--

CREATE TABLE IF NOT EXISTS `circulation` (
  `id_circulation` int(10) NOT NULL,
  `name_circulation` varchar(64) NOT NULL,
  `size_circulation` int(64) NOT NULL
) ENGINE=InnoDB AUTO_INCREMENT=46 DEFAULT CHARSET=utf8;

--
-- Дамп данных таблицы `circulation`
--

INSERT INTO `circulation` (`id_circulation`, `name_circulation`, `size_circulation`) VALUES
(1, '1000', 1000),
(2, '2000', 2000),
(3, '3000', 3000),
(4, '4000', 4000),
(5, '5000', 5000),
(6, '10000', 10000),
(7, '100', 100),
(8, '200', 200),
(9, '300', 300),
(10, '500', 500),
(11, '1000', 1000),
(12, '2500', 2500),
(13, '5000', 5000),
(14, '10000', 10000),
(15, '20000', 20000),
(16, '50000', 50000),
(17, '2000', 17),
(18, '5000', 18),
(19, '10000', 19),
(20, '20000', 20),
(21, '40000', 21),
(22, '100000', 22),
(23, '200', 23),
(24, '500', 24),
(25, '1000', 25),
(26, '2000', 26),
(27, '3000', 27),
(28, '10000', 28),
(29, '500', 29),
(30, '1000', 30),
(31, '2000', 31),
(32, '3000', 32),
(33, '5000', 33),
(34, '10000', 34),
(35, '100', 35),
(36, '250', 36),
(37, '500', 37),
(38, '1000', 38),
(39, '1500', 39),
(40, '5000', 40),
(41, '3000', 41),
(42, '6000', 42),
(43, '9000', 43),
(44, '12000', 44),
(45, '15000', 45);

-- --------------------------------------------------------

--
-- Структура таблицы `client`
--

CREATE TABLE IF NOT EXISTS `client` (
  `id_client` int(10) NOT NULL,
  `id_chat` int(10) NOT NULL,
  `city_client` varchar(30) DEFAULT NULL,
  `main_phone_number_client` int(15) DEFAULT NULL,
  `adress_client` varchar(50) DEFAULT NULL,
  `organization_client` varchar(50) DEFAULT NULL,
  `post_client` varchar(20) DEFAULT NULL,
  `site_client` varchar(50) DEFAULT NULL,
  `numberIP_client` int(15) DEFAULT NULL,
  `notice_cliene` enum('yes','no') DEFAULT 'no',
  `score_client` int(15) NOT NULL DEFAULT '0'
) ENGINE=InnoDB AUTO_INCREMENT=27 DEFAULT CHARSET=utf8;

--
-- Дамп данных таблицы `client`
--

INSERT INTO `client` (`id_client`, `id_chat`, `city_client`, `main_phone_number_client`, `adress_client`, `organization_client`, `post_client`, `site_client`, `numberIP_client`, `notice_cliene`, `score_client`) VALUES
(25, 0, 'Севастополь', 2147483647, 'ул. Коммунаров 4, кв 31', 'asprint', 'Менеджер', 'asprint.ru', 2147483647, 'yes', 0),
(26, 0, NULL, 12, NULL, 'kik', NULL, NULL, NULL, 'no', 0);

-- --------------------------------------------------------

--
-- Структура таблицы `colorfulness`
--

CREATE TABLE IF NOT EXISTS `colorfulness` (
  `id_colorfulness` int(10) NOT NULL,
  `face_colorfulness` int(10) NOT NULL,
  `turnover_colorfulness` int(10) NOT NULL
) ENGINE=InnoDB DEFAULT CHARSET=utf8;

--
-- Дамп данных таблицы `colorfulness`
--

INSERT INTO `colorfulness` (`id_colorfulness`, `face_colorfulness`, `turnover_colorfulness`) VALUES
(0, 1, 1),
(1, 4, 4),
(2, 1, 4),
(3, 4, 1),
(4, 4, 0),
(5, 0, 4);

-- --------------------------------------------------------

--
-- Структура таблицы `cost`
--

CREATE TABLE IF NOT EXISTS `cost` (
  `id_cost` int(10) NOT NULL,
  `value_cost` int(64) NOT NULL
) ENGINE=InnoDB AUTO_INCREMENT=277 DEFAULT CHARSET=utf8;

--
-- Дамп данных таблицы `cost`
--

INSERT INTO `cost` (`id_cost`, `value_cost`) VALUES
(1, 425),
(2, 850),
(3, 1270),
(4, 1690),
(5, 2110),
(6, 4220),
(7, 450),
(8, 900),
(9, 1350),
(10, 1800),
(11, 2250),
(12, 4495),
(13, 485),
(14, 960),
(15, 1435),
(16, 1910),
(17, 2395),
(18, 4780),
(19, 565),
(20, 1125),
(21, 1690),
(22, 2250),
(23, 2810),
(24, 5620),
(25, 655),
(26, 1310),
(27, 1960),
(28, 2615),
(29, 3260),
(30, 6520),
(31, 3935),
(32, 4495),
(33, 5060),
(34, 6745),
(35, 7865),
(36, 4220),
(37, 4835),
(38, 5455),
(39, 7195),
(40, 8375),
(41, 5060),
(42, 5620),
(43, 6180),
(44, 7305),
(45, 10115),
(46, 3935),
(47, 4385),
(48, 4835),
(49, 5395),
(50, 5620),
(51, 4220),
(52, 4720),
(53, 5170),
(54, 5845),
(55, 6405),
(56, 5060),
(57, 5395),
(58, 5845),
(59, 6745),
(60, 8990),
(61, 4495),
(62, 5170),
(63, 5845),
(64, 6745),
(65, 7865),
(66, 4890),
(67, 5620),
(68, 6295),
(69, 7305),
(70, 8430),
(71, 950),
(72, 2085),
(73, 3205),
(74, 5340),
(75, 10675),
(76, 25615),
(77, 1800),
(78, 3600),
(79, 5395),
(80, 7195),
(81, 8990),
(82, 17980),
(83, 1970),
(84, 3935),
(85, 5905),
(86, 7865),
(87, 9835),
(88, 19665),
(89, 2020),
(90, 4465),
(91, 7005),
(92, 11875),
(93, 23745),
(94, 49765),
(95, 4155),
(96, 8305),
(97, 12460),
(98, 16610),
(99, 20480),
(100, 37020),
(101, 4435),
(102, 7965),
(103, 13300),
(104, 17730),
(105, 22165),
(106, 38705),
(107, 2850),
(108, 6355),
(109, 9240),
(110, 16710),
(111, 32290),
(112, 76105),
(113, 950),
(114, 1980),
(115, 2885),
(116, 4805),
(117, 9240),
(118, 19745),
(119, 745),
(120, 1425),
(121, 2105),
(122, 2785),
(123, 3545),
(124, 6970),
(125, 810),
(126, 1550),
(127, 2310),
(128, 3030),
(129, 3820),
(130, 7580),
(131, 1410),
(132, 2810),
(133, 4220),
(134, 5620),
(135, 7025),
(136, 13935),
(137, 1550),
(138, 3095),
(139, 4640),
(140, 6180),
(141, 7730),
(142, 15170),
(143, 1425),
(144, 2995),
(145, 5075),
(146, 8755),
(147, 16015),
(148, 35760),
(149, 2785),
(150, 5565),
(151, 8350),
(152, 11125),
(153, 13905),
(154, 27415),
(155, 3030),
(156, 6015),
(157, 9050),
(158, 12025),
(159, 15055),
(160, 29665),
(161, 2725),
(162, 5765),
(163, 8010),
(164, 14410),
(165, 27645),
(166, 64575),
(167, 3525),
(168, 4115),
(169, 4810),
(170, 5660),
(171, 6410),
(172, 10675),
(173, 5565),
(174, 11125),
(175, 16690),
(176, 22250),
(177, 27810),
(178, 50560),
(179, 5955),
(180, 12025),
(181, 18090),
(182, 24105),
(183, 30110),
(184, 55000),
(185, 3525),
(186, 3740),
(187, 4380),
(188, 6085),
(189, 8010),
(190, 20925),
(191, 3710),
(192, 4330),
(193, 5845),
(194, 7640),
(195, 11125),
(196, 19665),
(197, 5455),
(198, 11745),
(199, 16015),
(200, 27755),
(201, 51765),
(202, 128080),
(203, 6725),
(204, 9355),
(205, 11745),
(206, 15265),
(207, 17615),
(208, 5870),
(209, 7050),
(210, 9930),
(211, 16440),
(212, 5980),
(213, 7470),
(214, 10675),
(215, 18145),
(216, 6085),
(217, 7640),
(218, 10945),
(219, 18680),
(220, 300),
(221, 550),
(222, 800),
(223, 1200),
(224, 400),
(225, 750),
(226, 1150),
(227, 1800),
(228, 600),
(229, 1150),
(230, 1700),
(231, 2400),
(232, 650),
(233, 1300),
(234, 1800),
(235, 2900),
(236, 320),
(237, 640),
(238, 860),
(239, 1300),
(240, 480),
(241, 960),
(242, 1240),
(243, 1900),
(244, 440),
(245, 880),
(246, 1200),
(247, 1980),
(248, 600),
(249, 800),
(250, 1600),
(251, 2400),
(252, 700),
(253, 1400),
(254, 1960),
(255, 2900),
(256, 580),
(257, 1100),
(258, 1650),
(259, 850),
(260, 1550),
(261, 2350),
(262, 453),
(263, 906),
(264, 1223),
(265, 778),
(266, 1556),
(267, 2048),
(268, 750),
(269, 1400),
(270, 2150),
(271, 1100),
(272, 2050),
(273, 2750),
(274, 2100),
(275, 1750),
(276, 2200);

-- --------------------------------------------------------

--
-- Структура таблицы `creasing`
--

CREATE TABLE IF NOT EXISTS `creasing` (
  `id_creasing` int(10) NOT NULL,
  `name_creasing` varchar(128) NOT NULL
) ENGINE=InnoDB DEFAULT CHARSET=utf8;

--
-- Дамп данных таблицы `creasing`
--

INSERT INTO `creasing` (`id_creasing`, `name_creasing`) VALUES
(1, '0'),
(2, '1'),
(3, '2'),
(4, '3');

-- --------------------------------------------------------

--
-- Структура таблицы `discount`
--

CREATE TABLE IF NOT EXISTS `discount` (
  `id_discount` int(10) NOT NULL
) ENGINE=InnoDB DEFAULT CHARSET=utf8;

-- --------------------------------------------------------

--
-- Структура таблицы `dop_rez`
--

CREATE TABLE IF NOT EXISTS `dop_rez` (
  `id_dop_rez` int(10) NOT NULL,
  `name_dop_rez` varchar(128) NOT NULL
) ENGINE=InnoDB DEFAULT CHARSET=utf8;

--
-- Дамп данных таблицы `dop_rez`
--

INSERT INTO `dop_rez` (`id_dop_rez`, `name_dop_rez`) VALUES
(1, '0'),
(2, '1'),
(3, '2'),
(4, '3'),
(5, '4'),
(6, '5'),
(7, '6'),
(8, '7'),
(9, '8'),
(10, '9'),
(11, '10'),
(12, '11'),
(13, '12'),
(14, '13'),
(15, '14'),
(16, '15'),
(17, '16'),
(18, '17'),
(19, '18'),
(20, '19'),
(21, '20');

-- --------------------------------------------------------

--
-- Структура таблицы `folding`
--

CREATE TABLE IF NOT EXISTS `folding` (
  `id_folding` int(10) NOT NULL,
  `name_folding` varchar(128) NOT NULL
) ENGINE=InnoDB DEFAULT CHARSET=utf8;

-- --------------------------------------------------------

--
-- Структура таблицы `hole`
--

CREATE TABLE IF NOT EXISTS `hole` (
  `id_hole` int(10) NOT NULL,
  `name_hole` varchar(128) NOT NULL
) ENGINE=InnoDB DEFAULT CHARSET=utf8;

--
-- Дамп данных таблицы `hole`
--

INSERT INTO `hole` (`id_hole`, `name_hole`) VALUES
(1, '0'),
(2, '1'),
(3, '2');

-- --------------------------------------------------------

--
-- Структура таблицы `item`
--

CREATE TABLE IF NOT EXISTS `item` (
  `id_item` int(10) NOT NULL,
  `name_item` varchar(64) NOT NULL,
  `img_item` varchar(250) DEFAULT NULL
) ENGINE=InnoDB AUTO_INCREMENT=22 DEFAULT CHARSET=utf8;

--
-- Дамп данных таблицы `item`
--

INSERT INTO `item` (`id_item`, `name_item`, `img_item`) VALUES
(1, 'Визитка', '1'),
(2, 'Евровизитка', '2'),
(3, 'Календарик', '3'),
(4, 'Евро', '4'),
(5, '2 Евро', '5'),
(6, 'Евробуклет', '6'),
(7, 'А6', '7'),
(8, 'А5', '8'),
(9, 'А4', '9'),
(10, 'А3', '10'),
(11, 'А2', '11'),
(12, 'Хенгер', '12'),
(13, 'Папка', '13'),
(14, 'Календарь (домик)', '14'),
(15, 'Календарь (в основании треугольник)', '15'),
(16, 'Календарь (в основании квадрат)', '16'),
(17, 'Квадратный календарь', '17'),
(18, 'А7', '18'),
(19, 'Еврофлаер', '19'),
(20, 'Листовка', '20'),
(21, 'Буклет', '21');

-- --------------------------------------------------------

--
-- Структура таблицы `item_type`
--

CREATE TABLE IF NOT EXISTS `item_type` (
  `id_item_type` int(10) NOT NULL,
  `id_item_item_type` int(10) NOT NULL,
  `id_size_type` int(10) NOT NULL,
  `id_paper_type` int(10) NOT NULL,
  `id_print_type` int(10) NOT NULL,
  `id_colorfulness_item_type` int(10) NOT NULL,
  `id_lamination_type` int(10) NOT NULL,
  `img_item_type` text,
  `name_item_type` varchar(128) NOT NULL,
  `side_item_type` enum('oneside','twoside') NOT NULL,
  `rounding` int(1) NOT NULL
) ENGINE=InnoDB AUTO_INCREMENT=64 DEFAULT CHARSET=utf8;

--
-- Дамп данных таблицы `item_type`
--

INSERT INTO `item_type` (`id_item_type`, `id_item_item_type`, `id_size_type`, `id_paper_type`, `id_print_type`, `id_colorfulness_item_type`, `id_lamination_type`, `img_item_type`, `name_item_type`, `side_item_type`, `rounding`) VALUES
(1, 1, 1, 19, 1, 1, 1, '1', 'Визитка (90x50) ', 'twoside', 1),
(2, 1, 1, 19, 1, 1, 4, '2', 'Визитка (90x50) Картон Двухсторонний 300г/м². Красочность 4+4. лицо Глянец.', 'twoside', 1),
(3, 2, 2, 19, 1, 1, 1, '3', 'Евровизитка (85x55) Картон Двухсторонний 300г/м². Красочность 4+4. Без покрытия.', 'twoside', 1),
(4, 2, 2, 19, 1, 1, 4, '4', 'Евровизитка (85x55) Картон Двухсторонний 300г/м². Красочность 4+4. лицо Глянец.', 'twoside', 1),
(5, 3, 15, 19, 1, 1, 1, '5', 'Календарик (100x70) Картон Двухсторонний 300г/м². Красочность 4+4. Без покрытия.', 'twoside', 0),
(6, 3, 15, 19, 1, 1, 4, '6', 'Календарик (100x70) Картон Двухсторонний 300г/м². Красочность 4+4. лицо Глянец.', 'twoside', 0),
(7, 14, 16, 6, 1, 4, 1, '7', 'Календарь (домик) (313x210) Картон Односторонний 250г/м². Красочность 4+0. Без покрытия.', 'oneside', 0),
(8, 14, 16, 6, 1, 4, 4, '8', 'Календарь (домик) (313x210) Картон Односторонний 250г/м². Красочность 4+0. лицо Глянец.', 'oneside', 0),
(9, 14, 16, 6, 1, 4, 7, '9', 'Календарь (домик) (313x210) Картон Односторонний 250г/м². Красочность 4+0. лицо Мат.', 'oneside', 0),
(10, 15, 17, 6, 1, 4, 1, '10', 'Календарь (в основании треугольник) (354x140) Картон Односторонний 250г/м². Красочность 4+0. Без покрытия.', 'oneside', 0),
(11, 15, 17, 6, 1, 4, 4, '11', 'Календарь (в основании треугольник) (354x140) Картон Односторонний 250г/м². Красочность 4+0. лицо Глянец.', 'oneside', 0),
(12, 15, 17, 6, 1, 4, 7, '12', 'Календарь (в основании треугольник) (354x140) Картон Односторонний 250г/м². Красочность 4+0. лицо Мат.', 'oneside', 0),
(13, 16, 18, 6, 1, 4, 1, '13', 'Календарь (в основании квадрат) (377x203) Картон Односторонний 250г/м². Красочность 4+0. Без покрытия.', 'oneside', 0),
(14, 16, 18, 6, 1, 4, 4, '14', 'Календарь (в основании квадрат) (377x203) Картон Односторонний 250г/м². Красочность 4+0. лицо Глянец.', 'oneside', 0),
(15, 16, 18, 6, 1, 4, 7, '15', 'Календарь (в основании квадрат) (377x203) Картон Односторонний 250г/м². Красочность 4+0. лицо Мат.', 'oneside', 0),
(16, 4, 3, 29, 1, 1, 1, '16', 'Евро (210x99) Мелованная Глянцевая 130г/м². Красочность 4+4. Без покрытия.', 'twoside', 0),
(17, 4, 3, 19, 1, 1, 1, '17', 'Евро (210x99) Картон Двухсторонний 300г/м². Красочность 4+4. Без покрытия.', 'twoside', 0),
(18, 4, 3, 19, 1, 1, 4, '18', 'Евро (210x99) Картон Двухсторонний 300г/м². Красочность 4+4. лицо Глянец.', 'twoside', 0),
(19, 5, 4, 29, 1, 1, 1, '19', '2 Евро (198x210) Мелованная Глянцевая 130г/м². Красочность 4+4. Без покрытия.', 'twoside', 0),
(20, 5, 4, 19, 1, 1, 1, '20', '2 Евро (198x210) Картон Двухсторонний 300г/м². Красочность 4+4. Без покрытия.', 'twoside', 0),
(21, 5, 4, 19, 1, 1, 4, '21', '2 Евро (198x210) Картон Двухсторонний 300г/м². Красочность 4+4. лицо Глянец.', 'twoside', 0),
(22, 6, 5, 29, 1, 1, 1, '22', 'Евробуклет (297x210) Мелованная Глянцевая 130г/м². Красочность 4+4. Без покрытия.', 'twoside', 0),
(23, 18, 6, 29, 1, 1, 1, '23', 'A7 (105x74) Мелованная Глянцевая 130г/м². Красочность 4+4. Без покрытия.', 'twoside', 0),
(24, 18, 6, 19, 1, 1, 1, '24', 'A7 (105x74) Картон Двухсторонний 300г/м². Красочность 4+4. Без покрытия.', 'twoside', 0),
(25, 18, 6, 19, 1, 1, 1, '25', 'A7 (105x74) Картон Двухсторонний 300г/м². Красочность 4+4. лицо Глянец.', 'twoside', 0),
(26, 7, 7, 29, 1, 1, 1, '26', 'A6 (148x105) Мелованная Глянцевая 130г/м². Красочность 4+4. Без покрытия.', 'twoside', 0),
(27, 7, 7, 19, 1, 1, 1, '27', 'A6 (148x105) Картон Двухсторонний 300г/м². Красочность 4+4. Без покрытия.', 'twoside', 0),
(28, 7, 7, 19, 1, 1, 4, '28', 'A6 (148x105) Картон Двухсторонний 300г/м². Красочность 4+4. лицо Глянец.', 'twoside', 0),
(29, 8, 8, 29, 1, 1, 1, '29', 'A5 (210x148) Мелованная Глянцевая 130г/м². Красочность 4+4. Без покрытия.', 'twoside', 0),
(30, 8, 8, 19, 1, 1, 1, '30', 'A5 (210x148) Картон Двухсторонний 300г/м². Красочность 4+4. Без покрытия.', 'twoside', 0),
(31, 8, 8, 19, 1, 1, 4, '31', 'A5 (210x148) Картон Двухсторонний 300г/м². Красочность 4+4. лицо Глянец.', 'twoside', 0),
(32, 9, 9, 29, 1, 1, 1, '32', 'A4 (297x210) Мелованная Глянцевая 130г/м². Красочность 4+4. Без покрытия.', 'twoside', 0),
(33, 9, 9, 49, 1, 4, 1, '33', 'A4 (297x210) Офсетная Офсетная 80г/м². Красочность 4+0. Без покрытия.', 'oneside', 0),
(34, 9, 9, 19, 1, 1, 1, '34', 'A4 (297x210) Картон Двухсторонний 300г/м². Красочность 4+4. Без покрытия.', 'twoside', 0),
(35, 9, 9, 19, 1, 1, 4, '35', 'A4 (297x210) Картон Двухсторонний 300г/м². Красочность 4+4. лицо Глянец.', 'twoside', 0),
(36, 10, 10, 26, 1, 4, 1, '36', 'A3 (420x297) Мелованная Глянцевая 90г/м². Красочность 4+0. Без покрытия.', 'oneside', 0),
(37, 10, 10, 49, 1, 4, 1, '37', 'A3 (420x297) Офсетная Офсетная 80г/м². Красочность 4+0. Без покрытия.', 'oneside', 0),
(38, 10, 10, 29, 1, 1, 1, '38', 'A3 (420x297) Мелованная Глянцевая 130г/м². Красочность 4+4. Без покрытия.', 'twoside', 0),
(39, 11, 11, 26, 1, 4, 1, '39', 'A2 (594x420) Мелованная Глянцевая 90г/м². Красочность 4+0. Без покрытия.', 'oneside', 0),
(40, 12, 12, 33, 1, 1, 1, '40', 'Хенгер (88x201) Мелованная Глянцевая 200г/м². Красочность 4+4. Без покрытия.', 'twoside', 0),
(41, 13, 13, 7, 1, 4, 1, '41', 'Папка (506x416) Картон Односторонний 260г/м². Красочность 4+0. Без покрытия.', 'oneside', 0),
(42, 13, 13, 7, 1, 4, 4, '42', 'Папка (506x416) Картон Односторонний 260г/м². Красочность 4+0. лицо Глянец.', 'oneside', 0),
(43, 13, 13, 7, 1, 4, 7, '43', 'Папка (506x416) Картон Односторонний 260г/м². Красочность 4+0. лицо Мат.', 'oneside', 0),
(44, 1, 1, 92, 2, 4, 1, '44', 'Визитка(90x50)Картон Односторонний  300г/м²Красочность 4+0 Без покрытия.', 'oneside', 0),
(45, 1, 1, 19, 2, 1, 1, '45', 'Визитка(90x50)Картон Двухсторонний  300г/м²Красочность 4+4 Без покрытия.', 'twoside', 0),
(46, 1, 1, 92, 2, 4, 4, '46', 'Визитка(90x50)Картон Односторонний  300г/м²Красочность 4+0 лицо Глянец.', 'oneside', 0),
(47, 1, 1, 19, 2, 1, 4, '47', 'Визитка(90x50)Картон Двухсторонний  300г/м²Красочность 4+4 лицо Глянец.', 'twoside', 0),
(48, 1, 1, 19, 2, 1, 3, '48', 'Визитка(90x50)Картон Двухсторонний  300г/м²Красочность 4+4 Глянец глянец', 'twoside', 0),
(49, 1, 1, 93, 2, 4, 1, '49', 'Визитка(90x50)Картон Односторонний 350г/м²Красочность 4+0 Без покрытия.', 'oneside', 0),
(50, 1, 1, 94, 2, 1, 1, '50', 'Визитка(90x50)Картон Двухсторонний 350г/м²Красочность 4+4 Без покрытия.', 'twoside', 0),
(51, 1, 1, 93, 2, 4, 4, '51', 'Визитка(90x50)Картон Односторонний 350г/м²Красочность 4+0 лицо глянец', 'oneside', 0),
(52, 1, 1, 94, 2, 1, 4, '52', 'Визитка(90x50)Картон Двухсторонний 350г/м²Красочность 4+4 лицо глянец.', 'twoside', 0),
(53, 1, 1, 94, 2, 1, 3, '53', 'Визитка(90x50)Картон Двухсторонний 350г/м²Красочность 4+4 Глянец глянец.', 'twoside', 0),
(54, 19, 19, 95, 2, 4, 1, '54', 'Еврофлаер (21х10)  Картон Односторонний 130 г/м² Красочность 4+0 Без покрытия', 'oneside', 0),
(55, 19, 19, 96, 2, 1, 1, '55', 'Еврофлаер (21х10)  Картон Двухсторонний 130 г/м² Красочность 4+4 Без покрытия.', 'twoside', 0),
(56, 20, 20, 95, 2, 4, 1, '56', 'Листовка(210х148)Картон Односторонний 130 г/м² Красочность 4+0 Без покрытия.', 'oneside', 0),
(57, 20, 20, 96, 2, 1, 1, '57', 'Листовка(210х148)Картон Двухсторонний 130 г/м² Красочность 4+4 Без покрытия.', 'twoside', 0),
(58, 20, 20, 97, 2, 4, 1, '58', 'Листовка(210х148)Картон Односторонний 150 г/м² Красочность 4+0 Без покрытия.', 'oneside', 0),
(59, 20, 20, 98, 2, 1, 1, '59', 'Листовка(210х148)Картон Двухсторонний 150 г/м² Красочность 4+4 Без покрытия.', 'twoside', 0),
(60, 21, 21, 95, 2, 4, 1, '60', 'Буклет (297х210)Картон Односторонний 130 г/м² Красочность 4+0 Без покрытия.', 'oneside', 0),
(61, 21, 21, 96, 2, 1, 1, '61', 'Буклет (297х210)Картон Двухсторонний 130 г/м² Красочность 4+4 Без покрытия.', 'twoside', 0),
(62, 21, 21, 97, 2, 4, 1, '62', 'Буклет (297х210)Картон Односторонний 150 г/м² Красочность 4+0 Без покрытия.', 'oneside', 0),
(63, 21, 21, 98, 2, 1, 1, '63', 'Буклет (297х210)Картон Двухсторонний 150 г/м² Красочность 4+4 Без покрытия.', 'twoside', 0);

-- --------------------------------------------------------

--
-- Структура таблицы `lamination`
--

CREATE TABLE IF NOT EXISTS `lamination` (
  `id_lamination` int(10) NOT NULL,
  `face_lamination` varchar(64) NOT NULL,
  `turnover_lamination` varchar(64) NOT NULL
) ENGINE=InnoDB DEFAULT CHARSET=utf8;

--
-- Дамп данных таблицы `lamination`
--

INSERT INTO `lamination` (`id_lamination`, `face_lamination`, `turnover_lamination`) VALUES
(1, 'Нет', 'Нет'),
(2, 'Нет', 'Глянцевая'),
(3, 'Глянцевая', 'Глянцевая'),
(4, 'Глянцевая', 'Нет'),
(5, 'Глянцевая', 'Матовая'),
(6, 'Матовая', 'Глянцевая'),
(7, 'Матовая', 'Нет'),
(8, 'Нет', 'Матовая'),
(9, 'Матовая', 'Матовая');

-- --------------------------------------------------------

--
-- Структура таблицы `manager`
--

CREATE TABLE IF NOT EXISTS `manager` (
  `id_manager` int(10) NOT NULL
) ENGINE=InnoDB DEFAULT CHARSET=utf8;

-- --------------------------------------------------------

--
-- Структура таблицы `message`
--

CREATE TABLE IF NOT EXISTS `message` (
  `id_message` int(10) NOT NULL,
  `text_msg` text NOT NULL,
  `time_msg` datetime NOT NULL,
  `status_msg` enum('read','unread') NOT NULL
) ENGINE=InnoDB DEFAULT CHARSET=utf8;

-- --------------------------------------------------------

--
-- Структура таблицы `numbering`
--

CREATE TABLE IF NOT EXISTS `numbering` (
  `id_numbering` int(10) NOT NULL,
  `name_numbering` varchar(128) NOT NULL
) ENGINE=InnoDB DEFAULT CHARSET=utf8;

-- --------------------------------------------------------

--
-- Структура таблицы `perforation`
--

CREATE TABLE IF NOT EXISTS `perforation` (
  `id_perforation` int(10) NOT NULL,
  `name_perforation` varchar(128) NOT NULL
) ENGINE=InnoDB DEFAULT CHARSET=utf8;

-- --------------------------------------------------------

--
-- Структура таблицы `prices`
--

CREATE TABLE IF NOT EXISTS `prices` (
  `id_prices` int(10) NOT NULL,
  `id_item_type_prices` int(10) NOT NULL,
  `id_circulation_prices` int(10) NOT NULL,
  `id_cost` int(10) NOT NULL
) ENGINE=InnoDB AUTO_INCREMENT=305 DEFAULT CHARSET=utf8;

--
-- Дамп данных таблицы `prices`
--

INSERT INTO `prices` (`id_prices`, `id_item_type_prices`, `id_circulation_prices`, `id_cost`) VALUES
(1, 1, 1, 1),
(2, 1, 2, 2),
(3, 1, 3, 3),
(4, 1, 4, 4),
(5, 1, 5, 5),
(6, 1, 6, 6),
(7, 2, 1, 7),
(8, 2, 2, 8),
(9, 2, 3, 9),
(10, 2, 4, 10),
(11, 2, 5, 11),
(12, 2, 6, 12),
(13, 3, 1, 7),
(14, 3, 2, 8),
(15, 3, 3, 9),
(16, 3, 4, 10),
(17, 3, 5, 11),
(18, 3, 6, 12),
(19, 4, 1, 13),
(20, 4, 2, 14),
(21, 4, 3, 15),
(22, 4, 4, 16),
(23, 4, 5, 17),
(24, 4, 6, 18),
(25, 5, 1, 19),
(26, 5, 2, 20),
(27, 5, 3, 21),
(28, 5, 4, 22),
(29, 5, 5, 23),
(30, 5, 6, 24),
(31, 6, 1, 25),
(32, 6, 2, 26),
(33, 6, 3, 27),
(34, 6, 4, 28),
(35, 6, 5, 29),
(36, 6, 6, 30),
(37, 7, 7, 31),
(38, 7, 8, 32),
(39, 7, 9, 33),
(40, 7, 10, 34),
(41, 7, 11, 35),
(42, 8, 7, 36),
(43, 8, 8, 37),
(44, 8, 9, 38),
(45, 8, 10, 39),
(46, 8, 11, 40),
(47, 9, 7, 41),
(48, 9, 8, 42),
(49, 9, 9, 43),
(50, 9, 10, 44),
(51, 9, 11, 45),
(52, 10, 7, 46),
(53, 10, 8, 47),
(54, 10, 9, 48),
(55, 10, 10, 49),
(56, 10, 11, 50),
(57, 11, 7, 51),
(58, 11, 8, 52),
(59, 11, 9, 53),
(60, 11, 10, 54),
(61, 11, 11, 55),
(62, 12, 7, 56),
(63, 12, 8, 57),
(64, 12, 9, 58),
(65, 12, 10, 59),
(66, 12, 11, 60),
(67, 13, 7, 61),
(68, 13, 8, 62),
(69, 13, 9, 63),
(70, 13, 10, 64),
(71, 13, 11, 65),
(72, 14, 7, 66),
(73, 14, 8, 67),
(74, 14, 9, 68),
(75, 14, 10, 69),
(76, 14, 11, 70),
(77, 15, 7, 41),
(78, 15, 8, 42),
(79, 15, 9, 43),
(80, 15, 10, 44),
(81, 15, 11, 45),
(82, 16, 11, 71),
(83, 16, 12, 72),
(84, 16, 13, 73),
(85, 16, 14, 74),
(86, 16, 15, 75),
(87, 16, 16, 76),
(88, 17, 11, 77),
(89, 17, 12, 78),
(90, 17, 13, 79),
(91, 17, 14, 80),
(92, 17, 15, 81),
(93, 17, 16, 82),
(94, 18, 11, 83),
(95, 18, 12, 84),
(96, 18, 13, 85),
(97, 18, 14, 86),
(98, 18, 15, 87),
(99, 18, 16, 88),
(100, 19, 11, 89),
(101, 19, 12, 90),
(102, 19, 13, 91),
(103, 19, 14, 92),
(104, 19, 15, 93),
(105, 19, 16, 94),
(106, 20, 1, 95),
(107, 20, 2, 96),
(108, 20, 3, 97),
(109, 20, 4, 98),
(110, 20, 5, 99),
(111, 20, 6, 100),
(112, 21, 1, 101),
(113, 21, 2, 102),
(114, 21, 3, 103),
(115, 21, 4, 104),
(116, 21, 5, 105),
(117, 21, 6, 106),
(118, 22, 11, 107),
(119, 22, 12, 108),
(120, 22, 13, 109),
(121, 22, 14, 110),
(122, 22, 15, 111),
(123, 22, 16, 112),
(124, 23, 17, 113),
(125, 23, 18, 114),
(126, 23, 19, 115),
(127, 23, 20, 116),
(128, 23, 21, 117),
(129, 23, 22, 118),
(130, 24, 1, 119),
(131, 24, 2, 120),
(132, 24, 3, 121),
(133, 24, 4, 122),
(134, 24, 5, 123),
(135, 24, 6, 124),
(136, 25, 1, 125),
(137, 25, 2, 126),
(138, 25, 3, 127),
(139, 25, 4, 128),
(140, 25, 5, 129),
(141, 25, 6, 130),
(142, 26, 11, 113),
(143, 26, 12, 114),
(144, 26, 13, 115),
(145, 26, 14, 116),
(146, 26, 15, 117),
(147, 26, 16, 118),
(148, 27, 1, 131),
(149, 27, 2, 132),
(150, 27, 3, 133),
(151, 27, 4, 134),
(152, 27, 5, 135),
(153, 27, 6, 136),
(154, 28, 1, 137),
(155, 28, 2, 138),
(156, 28, 3, 139),
(157, 28, 4, 140),
(158, 28, 5, 141),
(159, 28, 6, 142),
(160, 29, 11, 143),
(161, 29, 12, 144),
(162, 29, 13, 145),
(163, 29, 14, 146),
(164, 29, 15, 147),
(165, 29, 16, 148),
(166, 30, 1, 149),
(167, 30, 2, 150),
(168, 30, 3, 151),
(169, 30, 4, 152),
(170, 30, 5, 153),
(171, 30, 6, 154),
(172, 31, 1, 155),
(173, 31, 2, 156),
(174, 31, 3, 157),
(175, 31, 4, 158),
(176, 31, 5, 159),
(177, 31, 6, 160),
(178, 32, 11, 161),
(179, 32, 12, 162),
(180, 32, 13, 163),
(181, 32, 14, 164),
(182, 32, 15, 165),
(183, 32, 16, 166),
(184, 33, 1, 167),
(185, 33, 2, 168),
(186, 33, 3, 169),
(187, 33, 4, 170),
(188, 33, 5, 171),
(189, 33, 6, 172),
(190, 34, 1, 173),
(191, 34, 2, 174),
(192, 34, 3, 175),
(193, 34, 4, 176),
(194, 34, 5, 177),
(195, 34, 6, 178),
(196, 35, 1, 179),
(197, 35, 2, 180),
(198, 35, 3, 181),
(199, 35, 4, 182),
(200, 35, 5, 183),
(201, 35, 6, 184),
(202, 36, 23, 185),
(203, 36, 24, 186),
(204, 36, 25, 187),
(205, 36, 26, 188),
(206, 36, 27, 189),
(207, 36, 28, 190),
(208, 37, 29, 191),
(209, 37, 30, 192),
(210, 37, 31, 193),
(211, 37, 32, 194),
(212, 37, 33, 195),
(213, 37, 34, 196),
(214, 38, 11, 197),
(215, 38, 12, 198),
(216, 38, 13, 199),
(217, 38, 14, 200),
(218, 38, 15, 201),
(219, 38, 16, 202),
(220, 39, 35, 185),
(221, 39, 36, 186),
(222, 39, 37, 187),
(223, 39, 38, 188),
(224, 39, 39, 189),
(225, 39, 40, 190),
(226, 40, 41, 203),
(227, 40, 42, 204),
(228, 40, 43, 205),
(229, 40, 44, 206),
(230, 40, 45, 207),
(231, 41, 35, 208),
(232, 41, 36, 209),
(233, 41, 36, 210),
(234, 41, 38, 211),
(235, 42, 35, 212),
(236, 42, 36, 213),
(237, 42, 37, 214),
(238, 42, 38, 215),
(239, 43, 35, 216),
(240, 43, 36, 217),
(241, 43, 37, 218),
(242, 43, 38, 219),
(243, 44, 7, 220),
(244, 44, 8, 221),
(245, 44, 9, 222),
(246, 44, 10, 223),
(247, 45, 7, 224),
(248, 45, 8, 225),
(249, 45, 9, 226),
(250, 45, 10, 227),
(251, 46, 7, 224),
(252, 46, 8, 225),
(253, 46, 9, 226),
(254, 46, 10, 227),
(255, 47, 7, 228),
(256, 47, 8, 229),
(257, 47, 9, 230),
(258, 47, 10, 231),
(259, 48, 7, 232),
(260, 48, 8, 233),
(261, 48, 9, 234),
(262, 48, 10, 235),
(263, 49, 7, 236),
(264, 49, 8, 237),
(265, 49, 9, 238),
(266, 49, 10, 239),
(267, 50, 7, 240),
(268, 50, 8, 241),
(269, 50, 9, 242),
(270, 50, 10, 243),
(271, 51, 7, 244),
(272, 51, 8, 245),
(273, 51, 9, 246),
(274, 51, 10, 247),
(275, 52, 7, 248),
(276, 52, 8, 249),
(277, 52, 9, 250),
(278, 52, 10, 251),
(279, 53, 7, 252),
(280, 53, 8, 253),
(281, 53, 9, 254),
(282, 53, 10, 255),
(283, 54, 7, 256),
(284, 54, 8, 257),
(285, 54, 9, 258),
(286, 55, 7, 259),
(287, 55, 8, 260),
(288, 55, 9, 261),
(289, 56, 7, 262),
(290, 56, 8, 263),
(291, 56, 9, 264),
(292, 57, 7, 265),
(293, 57, 8, 266),
(294, 57, 9, 267),
(295, 58, 7, 268),
(296, 58, 8, 269),
(297, 58, 9, 270),
(298, 59, 7, 271),
(299, 59, 8, 272),
(300, 59, 9, 273),
(301, 60, 7, 269),
(302, 61, 7, 274),
(303, 62, 7, 275),
(304, 53, 7, 276);

-- --------------------------------------------------------

--
-- Структура таблицы `print`
--

CREATE TABLE IF NOT EXISTS `print` (
  `id_print` int(10) NOT NULL,
  `name_print` varchar(30) NOT NULL
) ENGINE=InnoDB AUTO_INCREMENT=6 DEFAULT CHARSET=utf8;

--
-- Дамп данных таблицы `print`
--

INSERT INTO `print` (`id_print`, `name_print`) VALUES
(1, 'Офсетная печать'),
(2, 'Цифровая печать'),
(3, 'Широкоформатная печать'),
(4, 'Пластиковые карты'),
(5, 'Индивидуальный заказ');

-- --------------------------------------------------------

--
-- Структура таблицы `size`
--

CREATE TABLE IF NOT EXISTS `size` (
  `id_size` int(10) NOT NULL,
  `name_size` varchar(128) NOT NULL,
  `height_size` int(15) NOT NULL,
  `width_size` int(15) NOT NULL
) ENGINE=InnoDB AUTO_INCREMENT=22 DEFAULT CHARSET=utf8;

--
-- Дамп данных таблицы `size`
--

INSERT INTO `size` (`id_size`, `name_size`, `height_size`, `width_size`) VALUES
(1, 'Визитка', 90, 50),
(2, 'Евровизитка', 85, 55),
(3, 'Евро', 210, 99),
(4, '2 Евро', 198, 210),
(5, 'Евробуклет', 297, 210),
(6, 'А7', 105, 74),
(7, 'А6', 148, 105),
(8, 'А5', 210, 148),
(9, 'А4', 297, 210),
(10, 'А3', 420, 297),
(11, 'А2', 594, 420),
(12, 'Хенгер', 88, 201),
(13, 'Папка', 506, 416),
(14, 'SRA', 440, 310),
(15, 'Календарик', 100, 70),
(16, 'Календарь (домик)', 313, 210),
(17, 'Календарь (в основании треугольник) ', 354, 140),
(18, 'Календарь (в основании квадрат)', 377, 203),
(19, 'Еврофлаер', 21, 10),
(20, 'Листовка', 210, 148),
(21, 'Буклет', 297, 210);

-- --------------------------------------------------------

--
-- Структура таблицы `type_paper`
--

CREATE TABLE IF NOT EXISTS `type_paper` (
  `id_type_paper` int(10) NOT NULL,
  `type_paper` varchar(50) NOT NULL,
  `name_paper_texture` varchar(64) NOT NULL,
  `name_paper_weight` varchar(64) NOT NULL
) ENGINE=InnoDB AUTO_INCREMENT=99 DEFAULT CHARSET=utf8;

--
-- Дамп данных таблицы `type_paper`
--

INSERT INTO `type_paper` (`id_type_paper`, `type_paper`, `name_paper_texture`, `name_paper_weight`) VALUES
(1, 'Картон', 'Односторонний', '180'),
(2, 'Картон', 'Односторонний', '200'),
(3, 'Картон', 'Односторонний', '210'),
(4, 'Картон', 'Односторонний', '230'),
(5, 'Картон', 'Односторонний', '240'),
(6, 'Картон', 'Односторонний', '250'),
(7, 'Картон', 'Односторонний', '260'),
(8, 'Картон', 'Односторонний', '270'),
(9, 'Картон', 'Односторонний', '290'),
(10, 'Картон', 'Двухсторонний', '180'),
(11, 'Картон', 'Двухсторонний', '200'),
(12, 'Картон', 'Двухсторонний', '210'),
(13, 'Картон', 'Двухсторонний', '230'),
(14, 'Картон', 'Двухсторонний', '240'),
(15, 'Картон', 'Двухсторонний', '250'),
(16, 'Картон', 'Двухсторонний', '260'),
(17, 'Картон', 'Двухсторонний', '270'),
(18, 'Картон', 'Двухсторонний', '290'),
(19, 'Картон', 'Двухсторонний', '300'),
(20, 'Картон', 'Макулатурный', '230'),
(21, 'Картон', 'Макулатурный', '250'),
(22, 'Картон', 'Макулатурный', '280'),
(23, 'Картон', 'Макулатурный', '300'),
(24, 'Картон', 'Макулатурный', '400'),
(25, 'Мелованная', 'Глянцевая', '80'),
(26, 'Мелованная', 'Глянцевая', '90'),
(27, 'Мелованная', 'Глянцевая', '104'),
(28, 'Мелованная', 'Глянцевая', '115'),
(29, 'Мелованная', 'Глянцевая', '130'),
(30, 'Мелованная', 'Глянцевая', '150'),
(31, 'Мелованная', 'Глянцевая', '170'),
(32, 'Мелованная', 'Глянцевая', '180'),
(33, 'Мелованная', 'Глянцевая', '200'),
(34, 'Мелованная', 'Глянцевая', '250'),
(35, 'Мелованная', 'Глянцевая', '300'),
(36, 'Мелованная', 'Матовая', '80'),
(37, 'Мелованная', 'Матовая', '90'),
(38, 'Мелованная', 'Матовая', '104'),
(39, 'Мелованная', 'Матовая', '115'),
(40, 'Мелованная', 'Матовая', '130'),
(41, 'Мелованная', 'Матовая', '150'),
(42, 'Мелованная', 'Матовая', '170'),
(43, 'Мелованная', 'Матовая', '180'),
(44, 'Мелованная', 'Матовая', '200'),
(45, 'Мелованная', 'Матовая', '250'),
(46, 'Мелованная', 'Матовая', '300'),
(47, 'Офсетная', 'Офсетная', '70'),
(48, 'Офсетная', 'Офсетная', '75'),
(49, 'Офсетная', 'Офсетная', '80'),
(50, 'Офсетная', 'Офсетная', '90'),
(51, 'Офсетная', 'Офсетная', '100'),
(52, 'Офсетная', 'Офсетная', '120'),
(53, 'Офсетная', 'Офсетная', '160'),
(54, 'Самоклейка', 'Бумага', '80'),
(55, 'Этикеточная', 'Глянцевая', '70'),
(56, 'Этикеточная', 'Глянцевая', '80'),
(57, 'Мелованная', 'Глянцевая', '90'),
(58, 'Мелованная', 'Глянцевая', '104'),
(59, 'Мелованная', 'Глянцевая', '115'),
(60, 'Мелованная', 'Глянцевая', '130'),
(61, 'Мелованная', 'Глянцевая', '150'),
(62, 'Мелованная', 'Глянцевая', '170'),
(63, 'Мелованная', 'Глянцевая', '180'),
(64, 'Мелованная', 'Глянцевая', '200'),
(65, 'Мелованная', 'Глянцевая', '250'),
(66, 'Мелованная', 'Глянцевая', '300'),
(67, 'Мелованная', 'Глянцевая', '350'),
(68, 'Мелованная', 'Матовая', '90'),
(69, 'Мелованная', 'Матовая', '104'),
(70, 'Мелованная', 'Матовая', '115'),
(71, 'Мелованная', 'Матовая', '130'),
(72, 'Мелованная', 'Матовая', '150'),
(73, 'Мелованная', 'Матовая', '170'),
(74, 'Мелованная', 'Матовая', '180'),
(75, 'Мелованная', 'Матовая', '200'),
(76, 'Мелованная', 'Матовая', '250'),
(77, 'Мелованная', 'Матовая', '300'),
(78, 'Мелованная', 'Матовая', '350'),
(79, 'Офсетная', 'Офсетная', '80'),
(80, 'Самоклейка', 'Бумага', '80'),
(81, 'Самоклейка', 'Плёнка матовая', '115'),
(82, 'Самоклейка', 'Плёнка прозрачная', '56'),
(83, 'Дизайнерская', 'Лён кремовый', '270'),
(84, 'Дизайнерская', 'Лён белый', '300'),
(85, 'Дизайнерская', 'Лён слоновая кость', '300'),
(86, 'Дизайнерская', 'Touche Cover белый', '301'),
(87, 'Дизайнерская', 'Touche Cover слоновая кость', '301'),
(88, 'Дизайнерская', 'Elation белый', '240'),
(89, 'Дизайнерская', 'Elation слоновая кость', '240'),
(90, 'Дизайнерская', 'Majestic волшебная свеча', '290'),
(91, 'Дизайнерская', 'Majestic белый мрамор', '290'),
(92, 'Картон', 'Односторонний', '300'),
(93, 'Картон', 'Односторонний', '350'),
(94, 'Картон', 'Двухсторонний', '350'),
(95, 'Картон', 'Односторонний', '130'),
(96, 'Картон', 'Двухсторонний', '130'),
(97, 'Картон', 'Односторонний', '150'),
(98, 'Картон', 'Двухсторонний', '150');

-- --------------------------------------------------------

--
-- Структура таблицы `user`
--

CREATE TABLE IF NOT EXISTS `user` (
  `id_user` int(10) NOT NULL,
  `email_user` varchar(60) NOT NULL,
  `password_user` varchar(32) NOT NULL,
  `name_user` varchar(30) NOT NULL,
  `lastname_user` varchar(40) NOT NULL,
  `login` varchar(100) DEFAULT NULL
) ENGINE=InnoDB AUTO_INCREMENT=27 DEFAULT CHARSET=utf8;

--
-- Дамп данных таблицы `user`
--

INSERT INTO `user` (`id_user`, `email_user`, `password_user`, `name_user`, `lastname_user`, `login`) VALUES
(25, 'ivansmirnov@yandex.ru', '957b9c7d5f8c28fd7bd105e3d813b60f', 'Иван', 'Смирнов', 'ivansmirnov@yandex.ru'),
(26, 'kik@kik.kik', '34ab7be84f5dc10ce5c99ce798d4d250', 'kik', 'kik', 'kik');

--
-- Индексы сохранённых таблиц
--

--
-- Индексы таблицы `admin`
--
ALTER TABLE `admin`
  ADD PRIMARY KEY (`id_admin`);

--
-- Индексы таблицы `array_chat_msg`
--
ALTER TABLE `array_chat_msg`
  ADD PRIMARY KEY (`id_array_chat_msg`),
  ADD KEY `id_chat` (`id_chat`),
  ADD KEY `id_message` (`id_message`);

--
-- Индексы таблицы `array_creasing`
--
ALTER TABLE `array_creasing`
  ADD PRIMARY KEY (`id_array_creasing`),
  ADD KEY `id_creasing_array_creasing` (`id_creasing_array_creasing`),
  ADD KEY `id_item_type_array_creasing` (`id_item_type_array_creasing`);

--
-- Индексы таблицы `array_dop_rez`
--
ALTER TABLE `array_dop_rez`
  ADD PRIMARY KEY (`id_array_dop_rez`),
  ADD KEY `id_dop_rez_array_dop_rez` (`id_dop_rez_array_dop_rez`),
  ADD KEY `id_item_type_array_dop_rez` (`id_item_type_array_dop_rez`),
  ADD KEY `id_dop_rez_array_dop_rez_2` (`id_dop_rez_array_dop_rez`),
  ADD KEY `id_item_type_array_dop_rez_2` (`id_item_type_array_dop_rez`);

--
-- Индексы таблицы `array_folding`
--
ALTER TABLE `array_folding`
  ADD PRIMARY KEY (`id_array_folding`),
  ADD KEY `id_folding_array_folding` (`id_folding_array_folding`),
  ADD KEY `id_item_type_array_folding` (`id_item_type_array_folding`);

--
-- Индексы таблицы `array_hole`
--
ALTER TABLE `array_hole`
  ADD PRIMARY KEY (`id_array_hole`),
  ADD KEY `id_hole_array_hole` (`id_hole_array_hole`),
  ADD KEY `id_item_type_array_hole` (`id_item_type_array_hole`);

--
-- Индексы таблицы `array_numbering`
--
ALTER TABLE `array_numbering`
  ADD PRIMARY KEY (`id_array_numbering`),
  ADD KEY `id_numbering_array_numbering` (`id_numbering_array_numbering`),
  ADD KEY `id_item_type_array_numbering` (`id_item_type_array_numbering`),
  ADD KEY `id_numbering_array_numbering_2` (`id_numbering_array_numbering`),
  ADD KEY `id_item_type_array_numbering_2` (`id_item_type_array_numbering`);

--
-- Индексы таблицы `array_perforation`
--
ALTER TABLE `array_perforation`
  ADD PRIMARY KEY (`id_array_perforation`),
  ADD KEY `id_perforation_array_perforation` (`id_perforation_array_perforation`),
  ADD KEY `id_item_type_array_perforation` (`id_item_type_array_perforation`);

--
-- Индексы таблицы `chat`
--
ALTER TABLE `chat`
  ADD PRIMARY KEY (`id_chat`),
  ADD KEY `id_client` (`id_client`);

--
-- Индексы таблицы `circulation`
--
ALTER TABLE `circulation`
  ADD PRIMARY KEY (`id_circulation`);

--
-- Индексы таблицы `client`
--
ALTER TABLE `client`
  ADD PRIMARY KEY (`id_client`);

--
-- Индексы таблицы `colorfulness`
--
ALTER TABLE `colorfulness`
  ADD PRIMARY KEY (`id_colorfulness`);

--
-- Индексы таблицы `cost`
--
ALTER TABLE `cost`
  ADD PRIMARY KEY (`id_cost`);

--
-- Индексы таблицы `creasing`
--
ALTER TABLE `creasing`
  ADD PRIMARY KEY (`id_creasing`);

--
-- Индексы таблицы `discount`
--
ALTER TABLE `discount`
  ADD PRIMARY KEY (`id_discount`);

--
-- Индексы таблицы `dop_rez`
--
ALTER TABLE `dop_rez`
  ADD PRIMARY KEY (`id_dop_rez`);

--
-- Индексы таблицы `folding`
--
ALTER TABLE `folding`
  ADD PRIMARY KEY (`id_folding`);

--
-- Индексы таблицы `hole`
--
ALTER TABLE `hole`
  ADD PRIMARY KEY (`id_hole`),
  ADD KEY `name_hole` (`name_hole`);

--
-- Индексы таблицы `item`
--
ALTER TABLE `item`
  ADD PRIMARY KEY (`id_item`);

--
-- Индексы таблицы `item_type`
--
ALTER TABLE `item_type`
  ADD PRIMARY KEY (`id_item_type`),
  ADD KEY `id_paper_type` (`id_paper_type`),
  ADD KEY `id_colorfulness_item_type` (`id_colorfulness_item_type`),
  ADD KEY `id_item_item_type` (`id_item_item_type`),
  ADD KEY `id_size_type` (`id_size_type`),
  ADD KEY `id_print_type` (`id_print_type`),
  ADD KEY `id_item_item_type_2` (`id_item_item_type`,`id_size_type`,`id_paper_type`,`id_print_type`),
  ADD KEY `id_lamination_type` (`id_lamination_type`);

--
-- Индексы таблицы `lamination`
--
ALTER TABLE `lamination`
  ADD PRIMARY KEY (`id_lamination`);

--
-- Индексы таблицы `manager`
--
ALTER TABLE `manager`
  ADD PRIMARY KEY (`id_manager`);

--
-- Индексы таблицы `message`
--
ALTER TABLE `message`
  ADD PRIMARY KEY (`id_message`);

--
-- Индексы таблицы `numbering`
--
ALTER TABLE `numbering`
  ADD PRIMARY KEY (`id_numbering`);

--
-- Индексы таблицы `perforation`
--
ALTER TABLE `perforation`
  ADD PRIMARY KEY (`id_perforation`),
  ADD KEY `name_perforation` (`name_perforation`);

--
-- Индексы таблицы `prices`
--
ALTER TABLE `prices`
  ADD PRIMARY KEY (`id_prices`),
  ADD KEY `id_circulation` (`id_circulation_prices`),
  ADD KEY `id_prices` (`id_prices`),
  ADD KEY `id_cost` (`id_cost`),
  ADD KEY `id_item_type_prices` (`id_item_type_prices`);

--
-- Индексы таблицы `print`
--
ALTER TABLE `print`
  ADD PRIMARY KEY (`id_print`);

--
-- Индексы таблицы `size`
--
ALTER TABLE `size`
  ADD PRIMARY KEY (`id_size`);

--
-- Индексы таблицы `type_paper`
--
ALTER TABLE `type_paper`
  ADD PRIMARY KEY (`id_type_paper`);

--
-- Индексы таблицы `user`
--
ALTER TABLE `user`
  ADD PRIMARY KEY (`id_user`),
  ADD UNIQUE KEY `email_user` (`email_user`),
  ADD UNIQUE KEY `login_2` (`login`),
  ADD KEY `login` (`login`);

--
-- AUTO_INCREMENT для сохранённых таблиц
--

--
-- AUTO_INCREMENT для таблицы `admin`
--
ALTER TABLE `admin`
  MODIFY `id_admin` int(10) NOT NULL AUTO_INCREMENT;
--
-- AUTO_INCREMENT для таблицы `array_chat_msg`
--
ALTER TABLE `array_chat_msg`
  MODIFY `id_array_chat_msg` int(10) NOT NULL AUTO_INCREMENT;
--
-- AUTO_INCREMENT для таблицы `chat`
--
ALTER TABLE `chat`
  MODIFY `id_chat` int(10) NOT NULL AUTO_INCREMENT;
--
-- AUTO_INCREMENT для таблицы `circulation`
--
ALTER TABLE `circulation`
  MODIFY `id_circulation` int(10) NOT NULL AUTO_INCREMENT,AUTO_INCREMENT=46;
--
-- AUTO_INCREMENT для таблицы `client`
--
ALTER TABLE `client`
  MODIFY `id_client` int(10) NOT NULL AUTO_INCREMENT,AUTO_INCREMENT=27;
--
-- AUTO_INCREMENT для таблицы `cost`
--
ALTER TABLE `cost`
  MODIFY `id_cost` int(10) NOT NULL AUTO_INCREMENT,AUTO_INCREMENT=277;
--
-- AUTO_INCREMENT для таблицы `item`
--
ALTER TABLE `item`
  MODIFY `id_item` int(10) NOT NULL AUTO_INCREMENT,AUTO_INCREMENT=22;
--
-- AUTO_INCREMENT для таблицы `item_type`
--
ALTER TABLE `item_type`
  MODIFY `id_item_type` int(10) NOT NULL AUTO_INCREMENT,AUTO_INCREMENT=64;
--
-- AUTO_INCREMENT для таблицы `manager`
--
ALTER TABLE `manager`
  MODIFY `id_manager` int(10) NOT NULL AUTO_INCREMENT;
--
-- AUTO_INCREMENT для таблицы `message`
--
ALTER TABLE `message`
  MODIFY `id_message` int(10) NOT NULL AUTO_INCREMENT;
--
-- AUTO_INCREMENT для таблицы `prices`
--
ALTER TABLE `prices`
  MODIFY `id_prices` int(10) NOT NULL AUTO_INCREMENT,AUTO_INCREMENT=305;
--
-- AUTO_INCREMENT для таблицы `print`
--
ALTER TABLE `print`
  MODIFY `id_print` int(10) NOT NULL AUTO_INCREMENT,AUTO_INCREMENT=6;
--
-- AUTO_INCREMENT для таблицы `size`
--
ALTER TABLE `size`
  MODIFY `id_size` int(10) NOT NULL AUTO_INCREMENT,AUTO_INCREMENT=22;
--
-- AUTO_INCREMENT для таблицы `type_paper`
--
ALTER TABLE `type_paper`
  MODIFY `id_type_paper` int(10) NOT NULL AUTO_INCREMENT,AUTO_INCREMENT=99;
--
-- AUTO_INCREMENT для таблицы `user`
--
ALTER TABLE `user`
  MODIFY `id_user` int(10) NOT NULL AUTO_INCREMENT,AUTO_INCREMENT=27;
--
-- Ограничения внешнего ключа сохраненных таблиц
--

--
-- Ограничения внешнего ключа таблицы `admin`
--
ALTER TABLE `admin`
  ADD CONSTRAINT `admin_ibfk_1` FOREIGN KEY (`id_admin`) REFERENCES `user` (`id_user`);

--
-- Ограничения внешнего ключа таблицы `array_chat_msg`
--
ALTER TABLE `array_chat_msg`
  ADD CONSTRAINT `array_chat_msg_ibfk_1` FOREIGN KEY (`id_chat`) REFERENCES `chat` (`id_chat`),
  ADD CONSTRAINT `array_chat_msg_ibfk_2` FOREIGN KEY (`id_message`) REFERENCES `message` (`id_message`);

--
-- Ограничения внешнего ключа таблицы `array_creasing`
--
ALTER TABLE `array_creasing`
  ADD CONSTRAINT `array_creasing_ibfk_1` FOREIGN KEY (`id_creasing_array_creasing`) REFERENCES `creasing` (`id_creasing`),
  ADD CONSTRAINT `array_creasing_ibfk_2` FOREIGN KEY (`id_item_type_array_creasing`) REFERENCES `item_type` (`id_item_type`);

--
-- Ограничения внешнего ключа таблицы `array_dop_rez`
--
ALTER TABLE `array_dop_rez`
  ADD CONSTRAINT `array_dop_rez_ibfk_1` FOREIGN KEY (`id_dop_rez_array_dop_rez`) REFERENCES `dop_rez` (`id_dop_rez`),
  ADD CONSTRAINT `array_dop_rez_ibfk_2` FOREIGN KEY (`id_item_type_array_dop_rez`) REFERENCES `item_type` (`id_item_type`);

--
-- Ограничения внешнего ключа таблицы `array_folding`
--
ALTER TABLE `array_folding`
  ADD CONSTRAINT `array_folding_ibfk_1` FOREIGN KEY (`id_folding_array_folding`) REFERENCES `folding` (`id_folding`),
  ADD CONSTRAINT `array_folding_ibfk_2` FOREIGN KEY (`id_item_type_array_folding`) REFERENCES `item_type` (`id_item_type`);

--
-- Ограничения внешнего ключа таблицы `array_hole`
--
ALTER TABLE `array_hole`
  ADD CONSTRAINT `array_hole_ibfk_1` FOREIGN KEY (`id_item_type_array_hole`) REFERENCES `item_type` (`id_item_type`),
  ADD CONSTRAINT `array_hole_ibfk_2` FOREIGN KEY (`id_hole_array_hole`) REFERENCES `hole` (`id_hole`);

--
-- Ограничения внешнего ключа таблицы `array_numbering`
--
ALTER TABLE `array_numbering`
  ADD CONSTRAINT `array_numbering_ibfk_1` FOREIGN KEY (`id_numbering_array_numbering`) REFERENCES `numbering` (`id_numbering`),
  ADD CONSTRAINT `array_numbering_ibfk_2` FOREIGN KEY (`id_item_type_array_numbering`) REFERENCES `item_type` (`id_item_type`);

--
-- Ограничения внешнего ключа таблицы `array_perforation`
--
ALTER TABLE `array_perforation`
  ADD CONSTRAINT `array_perforation_ibfk_1` FOREIGN KEY (`id_perforation_array_perforation`) REFERENCES `perforation` (`id_perforation`),
  ADD CONSTRAINT `array_perforation_ibfk_2` FOREIGN KEY (`id_item_type_array_perforation`) REFERENCES `item_type` (`id_item_type`);

--
-- Ограничения внешнего ключа таблицы `chat`
--
ALTER TABLE `chat`
  ADD CONSTRAINT `chat_ibfk_1` FOREIGN KEY (`id_client`) REFERENCES `client` (`id_client`);

--
-- Ограничения внешнего ключа таблицы `client`
--
ALTER TABLE `client`
  ADD CONSTRAINT `client_ibfk_1` FOREIGN KEY (`id_client`) REFERENCES `user` (`id_user`);

--
-- Ограничения внешнего ключа таблицы `discount`
--
ALTER TABLE `discount`
  ADD CONSTRAINT `discount_ibfk_1` FOREIGN KEY (`id_discount`) REFERENCES `client` (`id_client`);

--
-- Ограничения внешнего ключа таблицы `item_type`
--
ALTER TABLE `item_type`
  ADD CONSTRAINT `item_type_ibfk_10` FOREIGN KEY (`id_lamination_type`) REFERENCES `lamination` (`id_lamination`),
  ADD CONSTRAINT `item_type_ibfk_5` FOREIGN KEY (`id_colorfulness_item_type`) REFERENCES `colorfulness` (`id_colorfulness`),
  ADD CONSTRAINT `item_type_ibfk_6` FOREIGN KEY (`id_paper_type`) REFERENCES `type_paper` (`id_type_paper`),
  ADD CONSTRAINT `item_type_ibfk_7` FOREIGN KEY (`id_print_type`) REFERENCES `print` (`id_print`),
  ADD CONSTRAINT `item_type_ibfk_8` FOREIGN KEY (`id_size_type`) REFERENCES `size` (`id_size`),
  ADD CONSTRAINT `item_type_ibfk_9` FOREIGN KEY (`id_item_item_type`) REFERENCES `item` (`id_item`);

--
-- Ограничения внешнего ключа таблицы `manager`
--
ALTER TABLE `manager`
  ADD CONSTRAINT `manager_ibfk_1` FOREIGN KEY (`id_manager`) REFERENCES `user` (`id_user`);

--
-- Ограничения внешнего ключа таблицы `prices`
--
ALTER TABLE `prices`
  ADD CONSTRAINT `prices_ibfk_1` FOREIGN KEY (`id_circulation_prices`) REFERENCES `circulation` (`id_circulation`),
  ADD CONSTRAINT `prices_ibfk_3` FOREIGN KEY (`id_cost`) REFERENCES `cost` (`id_cost`),
  ADD CONSTRAINT `prices_ibfk_4` FOREIGN KEY (`id_item_type_prices`) REFERENCES `item_type` (`id_item_type`);

/*!40101 SET CHARACTER_SET_CLIENT=@OLD_CHARACTER_SET_CLIENT */;
/*!40101 SET CHARACTER_SET_RESULTS=@OLD_CHARACTER_SET_RESULTS */;
/*!40101 SET COLLATION_CONNECTION=@OLD_COLLATION_CONNECTION */;
